<?xml version="1.0" ?>
<root>
    <key name="$schema">http://json-schema.org/draft-07/schema</key>
    <key name="$id">http://example.com/example.json</key>
    <type>object</type>
    <title>The root schema</title>
    <description>The root schema comprises the entire JSON document.</description>
    <default/>
    <examples>
        <item>
            <key name="cd:OrganizationJuristicPerson">
                <key name="cd:OrganizationJuristicID">01055491xxxxx</key>
                <key name="cd:OrganizationJuristicNameTH">บริษัท ทดสอบ จำกัด</key>
                <key name="cd:OrganizationJuristicNameEN">Todsorb co., Ltd.</key>
                <key name="cd:OrganizationJuristicType">บริษัทจำกัด</key>
                <key name="cd:OrganizationJuristicRegisterDate">19001225</key>
                <key name="cd:OrganizationJuristicStatus">ยังดำเนินกิจการอยู่</key>
                <key name="cd:OrganizationJuristicObjective">
                    <key name="td:JuristicObjective">
                        <key name="td:JuristicObjectiveCode">63111</key>
                        <key name="td:JuristicObjectiveTextTH">ที่ปรึกษาระบบเทคโนโลยีสารสนเทศ ออกแบบ และพัฒนาระบบ</key>
                        <key name="td:JuristicObjectiveTextEN">ข้อความ</key>
                    </key>
                </key>
                <key name="cd:OrganizationJuristicRegisterCapital">1000000</key>
                <key name="cd:OrganizationJuristicAddressName">สำนักงานใหญ่</key>
                <key name="cd:OrganizationJuristicAddress">
                    <key name="cr:AddressType">
                        <key name="cd:Building"/>
                        <key name="cd:RoomNo">404</key>
                        <key name="cd:Floor">15</key>
                        <key name="cd:AddressNo">10</key>
                        <key name="cd:Moo">1</key>
                        <key name="cr:Soi"/>
                        <key name="cr:Village"/>
                        <key name="cr:Road">
                            <key name="cr:RoadCode">10050001</key>
                            <key name="cr:RoadTextTH">ลาดพร้าว</key>
                        </key>
                        <key name="cr:Tumbol">
                            <key name="cr:TumbolCode">10300400</key>
                            <key name="cr:TumbolTextTH">จอมพล</key>
                        </key>
                        <key name="cr:Ampur">
                            <key name="cr:AmpurCode">1030</key>
                            <key name="cr:AmpurTextTH">เขตจตุจักร</key>
                        </key>
                        <key name="cr:Province">
                            <key name="cr:ProvinceCode">TH-10</key>
                            <key name="cr:ProvinceTextTH">กรุงเทพมหานคร</key>
                        </key>
                    </key>
                </key>
            </key>
        </item>
    </examples>
    <required>
        <item>cd:OrganizationJuristicPerson</item>
    </required>
    <properties>
        <key name="cd:OrganizationJuristicPerson">
            <key name="$id">#/properties/cd%3AOrganizationJuristicPerson</key>
            <type>object</type>
            <title>The cd:OrganizationJuristicPerson schema</title>
            <description>An explanation about the purpose of this instance.</description>
            <default/>
            <examples>
                <item>
                    <key name="cd:OrganizationJuristicID">01055491xxxxx</key>
                    <key name="cd:OrganizationJuristicNameTH">บริษัท ทดสอบ จำกัด</key>
                    <key name="cd:OrganizationJuristicNameEN">Todsorb co., Ltd.</key>
                    <key name="cd:OrganizationJuristicType">บริษัทจำกัด</key>
                    <key name="cd:OrganizationJuristicRegisterDate">19001225</key>
                    <key name="cd:OrganizationJuristicStatus">ยังดำเนินกิจการอยู่</key>
                    <key name="cd:OrganizationJuristicObjective">
                        <key name="td:JuristicObjective">
                            <key name="td:JuristicObjectiveCode">63111</key>
                            <key name="td:JuristicObjectiveTextTH">ที่ปรึกษาระบบเทคโนโลยีสารสนเทศ ออกแบบ และพัฒนาระบบ</key>
                            <key name="td:JuristicObjectiveTextEN">ข้อความ</key>
                        </key>
                    </key>
                    <key name="cd:OrganizationJuristicRegisterCapital">1000000</key>
                    <key name="cd:OrganizationJuristicAddressName">สำนักงานใหญ่</key>
                    <key name="cd:OrganizationJuristicAddress">
                        <key name="cr:AddressType">
                            <key name="cd:Building"/>
                            <key name="cd:RoomNo">404</key>
                            <key name="cd:Floor">15</key>
                            <key name="cd:AddressNo">10</key>
                            <key name="cd:Moo">1</key>
                            <key name="cr:Soi"/>
                            <key name="cr:Village"/>
                            <key name="cr:Road">
                                <key name="cr:RoadCode">10050001</key>
                                <key name="cr:RoadTextTH">ลาดพร้าว</key>
                            </key>
                            <key name="cr:Tumbol">
                                <key name="cr:TumbolCode">10300400</key>
                                <key name="cr:TumbolTextTH">จอมพล</key>
                            </key>
                            <key name="cr:Ampur">
                                <key name="cr:AmpurCode">1030</key>
                                <key name="cr:AmpurTextTH">เขตจตุจักร</key>
                            </key>
                            <key name="cr:Province">
                                <key name="cr:ProvinceCode">TH-10</key>
                                <key name="cr:ProvinceTextTH">กรุงเทพมหานคร</key>
                            </key>
                        </key>
                    </key>
                </item>
            </examples>
            <required>
                <item>cd:OrganizationJuristicID</item>
                <item>cd:OrganizationJuristicNameTH</item>
                <item>cd:OrganizationJuristicNameEN</item>
                <item>cd:OrganizationJuristicType</item>
                <item>cd:OrganizationJuristicRegisterDate</item>
                <item>cd:OrganizationJuristicStatus</item>
                <item>cd:OrganizationJuristicObjective</item>
                <item>cd:OrganizationJuristicRegisterCapital</item>
                <item>cd:OrganizationJuristicAddressName</item>
                <item>cd:OrganizationJuristicAddress</item>
            </required>
            <properties>
                <key name="cd:OrganizationJuristicID">
                    <key name="$id">#/properties/cd%3AOrganizationJuristicPerson/properties/cd%3AOrganizationJuristicID</key>
                    <type>string</type>
                    <title>The cd:OrganizationJuristicID schema</title>
                    <description>An explanation about the purpose of this instance.</description>
                    <default/>
                    <examples>
                        <item>01055491xxxxx</item>
                    </examples>
                </key>
                <key name="cd:OrganizationJuristicNameTH">
                    <key name="$id">#/properties/cd%3AOrganizationJuristicPerson/properties/cd%3AOrganizationJuristicNameTH</key>
                    <type>string</type>
                    <title>The cd:OrganizationJuristicNameTH schema</title>
                    <description>An explanation about the purpose of this instance.</description>
                    <default/>
                    <examples>
                        <item>บริษัท ทดสอบ จำกัด</item>
                    </examples>
                </key>
                <key name="cd:OrganizationJuristicNameEN">
                    <key name="$id">#/properties/cd%3AOrganizationJuristicPerson/properties/cd%3AOrganizationJuristicNameEN</key>
                    <type>string</type>
                    <title>The cd:OrganizationJuristicNameEN schema</title>
                    <description>An explanation about the purpose of this instance.</description>
                    <default/>
                    <examples>
                        <item>Todsorb co., Ltd.</item>
                    </examples>
                </key>
                <key name="cd:OrganizationJuristicType">
                    <key name="$id">#/properties/cd%3AOrganizationJuristicPerson/properties/cd%3AOrganizationJuristicType</key>
                    <type>string</type>
                    <title>The cd:OrganizationJuristicType schema</title>
                    <description>An explanation about the purpose of this instance.</description>
                    <default/>
                    <examples>
                        <item>บริษัทจำกัด</item>
                    </examples>
                </key>
                <key name="cd:OrganizationJuristicRegisterDate">
                    <key name="$id">#/properties/cd%3AOrganizationJuristicPerson/properties/cd%3AOrganizationJuristicRegisterDate</key>
                    <type>string</type>
                    <title>The cd:OrganizationJuristicRegisterDate schema</title>
                    <description>An explanation about the purpose of this instance.</description>
                    <default/>
                    <examples>
                        <item>19001225</item>
                    </examples>
                </key>
                <key name="cd:OrganizationJuristicStatus">
                    <key name="$id">#/properties/cd%3AOrganizationJuristicPerson/properties/cd%3AOrganizationJuristicStatus</key>
                    <type>string</type>
                    <title>The cd:OrganizationJuristicStatus schema</title>
                    <description>An explanation about the purpose of this instance.</description>
                    <default/>
                    <examples>
                        <item>ยังดำเนินกิจการอยู่</item>
                    </examples>
                </key>
                <key name="cd:OrganizationJuristicObjective">
                    <key name="$id">#/properties/cd%3AOrganizationJuristicPerson/properties/cd%3AOrganizationJuristicObjective</key>
                    <type>object</type>
                    <title>The cd:OrganizationJuristicObjective schema</title>
                    <description>An explanation about the purpose of this instance.</description>
                    <default/>
                    <examples>
                        <item>
                            <key name="td:JuristicObjective">
                                <key name="td:JuristicObjectiveCode">63111</key>
                                <key name="td:JuristicObjectiveTextTH">ที่ปรึกษาระบบเทคโนโลยีสารสนเทศ ออกแบบ และพัฒนาระบบ</key>
                                <key name="td:JuristicObjectiveTextEN">ข้อความ</key>
                            </key>
                        </item>
                    </examples>
                    <required>
                        <item>td:JuristicObjective</item>
                    </required>
                    <properties>
                        <key name="td:JuristicObjective">
                            <key name="$id">#/properties/cd%3AOrganizationJuristicPerson/properties/cd%3AOrganizationJuristicObjective/properties/td%3AJuristicObjective</key>
                            <type>object</type>
                            <title>The td:JuristicObjective schema</title>
                            <description>An explanation about the purpose of this instance.</description>
                            <default/>
                            <examples>
                                <item>
                                    <key name="td:JuristicObjectiveCode">63111</key>
                                    <key name="td:JuristicObjectiveTextTH">ที่ปรึกษาระบบเทคโนโลยีสารสนเทศ ออกแบบ และพัฒนาระบบ</key>
                                    <key name="td:JuristicObjectiveTextEN">ข้อความ</key>
                                </item>
                            </examples>
                            <required>
                                <item>td:JuristicObjectiveCode</item>
                                <item>td:JuristicObjectiveTextTH</item>
                                <item>td:JuristicObjectiveTextEN</item>
                            </required>
                            <properties>
                                <key name="td:JuristicObjectiveCode">
                                    <key name="$id">#/properties/cd%3AOrganizationJuristicPerson/properties/cd%3AOrganizationJuristicObjective/properties/td%3AJuristicObjective/properties/td%3AJuristicObjectiveCode</key>
                                    <type>string</type>
                                    <title>The td:JuristicObjectiveCode schema</title>
                                    <description>An explanation about the purpose of this instance.</description>
                                    <default/>
                                    <examples>
                                        <item>63111</item>
                                    </examples>
                                </key>
                                <key name="td:JuristicObjectiveTextTH">
                                    <key name="$id">#/properties/cd%3AOrganizationJuristicPerson/properties/cd%3AOrganizationJuristicObjective/properties/td%3AJuristicObjective/properties/td%3AJuristicObjectiveTextTH</key>
                                    <type>string</type>
                                    <title>The td:JuristicObjectiveTextTH schema</title>
                                    <description>An explanation about the purpose of this instance.</description>
                                    <default/>
                                    <examples>
                                        <item>ที่ปรึกษาระบบเทคโนโลยีสารสนเทศ ออกแบบ และพัฒนาระบบ</item>
                                    </examples>
                                </key>
                                <key name="td:JuristicObjectiveTextEN">
                                    <key name="$id">#/properties/cd%3AOrganizationJuristicPerson/properties/cd%3AOrganizationJuristicObjective/properties/td%3AJuristicObjective/properties/td%3AJuristicObjectiveTextEN</key>
                                    <type>string</type>
                                    <title>The td:JuristicObjectiveTextEN schema</title>
                                    <description>An explanation about the purpose of this instance.</description>
                                    <default/>
                                    <examples>
                                        <item>ข้อความ</item>
                                    </examples>
                                </key>
                            </properties>
                            <additionalProperties>True</additionalProperties>
                        </key>
                    </properties>
                    <additionalProperties>True</additionalProperties>
                </key>
                <key name="cd:OrganizationJuristicRegisterCapital">
                    <key name="$id">#/properties/cd%3AOrganizationJuristicPerson/properties/cd%3AOrganizationJuristicRegisterCapital</key>
                    <type>string</type>
                    <title>The cd:OrganizationJuristicRegisterCapital schema</title>
                    <description>An explanation about the purpose of this instance.</description>
                    <default/>
                    <examples>
                        <item>1000000</item>
                    </examples>
                </key>
                <key name="cd:OrganizationJuristicAddressName">
                    <key name="$id">#/properties/cd%3AOrganizationJuristicPerson/properties/cd%3AOrganizationJuristicAddressName</key>
                    <type>string</type>
                    <title>The cd:OrganizationJuristicAddressName schema</title>
                    <description>An explanation about the purpose of this instance.</description>
                    <default/>
                    <examples>
                        <item>สำนักงานใหญ่</item>
                    </examples>
                </key>
                <key name="cd:OrganizationJuristicAddress">
                    <key name="$id">#/properties/cd%3AOrganizationJuristicPerson/properties/cd%3AOrganizationJuristicAddress</key>
                    <type>object</type>
                    <title>The cd:OrganizationJuristicAddress schema</title>
                    <description>An explanation about the purpose of this instance.</description>
                    <default/>
                    <examples>
                        <item>
                            <key name="cr:AddressType">
                                <key name="cd:Building"/>
                                <key name="cd:RoomNo">404</key>
                                <key name="cd:Floor">15</key>
                                <key name="cd:AddressNo">10</key>
                                <key name="cd:Moo">1</key>
                                <key name="cr:Soi"/>
                                <key name="cr:Village"/>
                                <key name="cr:Road">
                                    <key name="cr:RoadCode">10050001</key>
                                    <key name="cr:RoadTextTH">ลาดพร้าว</key>
                                </key>
                                <key name="cr:Tumbol">
                                    <key name="cr:TumbolCode">10300400</key>
                                    <key name="cr:TumbolTextTH">จอมพล</key>
                                </key>
                                <key name="cr:Ampur">
                                    <key name="cr:AmpurCode">1030</key>
                                    <key name="cr:AmpurTextTH">เขตจตุจักร</key>
                                </key>
                                <key name="cr:Province">
                                    <key name="cr:ProvinceCode">TH-10</key>
                                    <key name="cr:ProvinceTextTH">กรุงเทพมหานคร</key>
                                </key>
                            </key>
                        </item>
                    </examples>
                    <required>
                        <item>cr:AddressType</item>
                    </required>
                    <properties>
                        <key name="cr:AddressType">
                            <key name="$id">#/properties/cd%3AOrganizationJuristicPerson/properties/cd%3AOrganizationJuristicAddress/properties/cr%3AAddressType</key>
                            <type>object</type>
                            <title>The cr:AddressType schema</title>
                            <description>An explanation about the purpose of this instance.</description>
                            <default/>
                            <examples>
                                <item>
                                    <key name="cd:Building"/>
                                    <key name="cd:RoomNo">404</key>
                                    <key name="cd:Floor">15</key>
                                    <key name="cd:AddressNo">10</key>
                                    <key name="cd:Moo">1</key>
                                    <key name="cr:Soi"/>
                                    <key name="cr:Village"/>
                                    <key name="cr:Road">
                                        <key name="cr:RoadCode">10050001</key>
                                        <key name="cr:RoadTextTH">ลาดพร้าว</key>
                                    </key>
                                    <key name="cr:Tumbol">
                                        <key name="cr:TumbolCode">10300400</key>
                                        <key name="cr:TumbolTextTH">จอมพล</key>
                                    </key>
                                    <key name="cr:Ampur">
                                        <key name="cr:AmpurCode">1030</key>
                                        <key name="cr:AmpurTextTH">เขตจตุจักร</key>
                                    </key>
                                    <key name="cr:Province">
                                        <key name="cr:ProvinceCode">TH-10</key>
                                        <key name="cr:ProvinceTextTH">กรุงเทพมหานคร</key>
                                    </key>
                                </item>
                            </examples>
                            <required>
                                <item>cd:Building</item>
                                <item>cd:RoomNo</item>
                                <item>cd:Floor</item>
                                <item>cd:AddressNo</item>
                                <item>cd:Moo</item>
                                <item>cr:Soi</item>
                                <item>cr:Village</item>
                                <item>cr:Road</item>
                                <item>cr:Tumbol</item>
                                <item>cr:Ampur</item>
                                <item>cr:Province</item>
                            </required>
                            <properties>
                                <key name="cd:Building">
                                    <key name="$id">#/properties/cd%3AOrganizationJuristicPerson/properties/cd%3AOrganizationJuristicAddress/properties/cr%3AAddressType/properties/cd%3ABuilding</key>
                                    <type>null</type>
                                    <title>The cd:Building schema</title>
                                    <description>An explanation about the purpose of this instance.</description>
                                    <default/>
                                    <examples>
                                        <item/>
                                    </examples>
                                </key>
                                <key name="cd:RoomNo">
                                    <key name="$id">#/properties/cd%3AOrganizationJuristicPerson/properties/cd%3AOrganizationJuristicAddress/properties/cr%3AAddressType/properties/cd%3ARoomNo</key>
                                    <type>string</type>
                                    <title>The cd:RoomNo schema</title>
                                    <description>An explanation about the purpose of this instance.</description>
                                    <default/>
                                    <examples>
                                        <item>404</item>
                                    </examples>
                                </key>
                                <key name="cd:Floor">
                                    <key name="$id">#/properties/cd%3AOrganizationJuristicPerson/properties/cd%3AOrganizationJuristicAddress/properties/cr%3AAddressType/properties/cd%3AFloor</key>
                                    <type>string</type>
                                    <title>The cd:Floor schema</title>
                                    <description>An explanation about the purpose of this instance.</description>
                                    <default/>
                                    <examples>
                                        <item>15</item>
                                    </examples>
                                </key>
                                <key name="cd:AddressNo">
                                    <key name="$id">#/properties/cd%3AOrganizationJuristicPerson/properties/cd%3AOrganizationJuristicAddress/properties/cr%3AAddressType/properties/cd%3AAddressNo</key>
                                    <type>string</type>
                                    <title>The cd:AddressNo schema</title>
                                    <description>An explanation about the purpose of this instance.</description>
                                    <default/>
                                    <examples>
                                        <item>10</item>
                                    </examples>
                                </key>
                                <key name="cd:Moo">
                                    <key name="$id">#/properties/cd%3AOrganizationJuristicPerson/properties/cd%3AOrganizationJuristicAddress/properties/cr%3AAddressType/properties/cd%3AMoo</key>
                                    <type>string</type>
                                    <title>The cd:Moo schema</title>
                                    <description>An explanation about the purpose of this instance.</description>
                                    <default/>
                                    <examples>
                                        <item>1</item>
                                    </examples>
                                </key>
                                <key name="cr:Soi">
                                    <key name="$id">#/properties/cd%3AOrganizationJuristicPerson/properties/cd%3AOrganizationJuristicAddress/properties/cr%3AAddressType/properties/cr%3ASoi</key>
                                    <type>null</type>
                                    <title>The cr:Soi schema</title>
                                    <description>An explanation about the purpose of this instance.</description>
                                    <default/>
                                    <examples>
                                        <item/>
                                    </examples>
                                </key>
                                <key name="cr:Village">
                                    <key name="$id">#/properties/cd%3AOrganizationJuristicPerson/properties/cd%3AOrganizationJuristicAddress/properties/cr%3AAddressType/properties/cr%3AVillage</key>
                                    <type>null</type>
                                    <title>The cr:Village schema</title>
                                    <description>An explanation about the purpose of this instance.</description>
                                    <default/>
                                    <examples>
                                        <item/>
                                    </examples>
                                </key>
                                <key name="cr:Road">
                                    <key name="$id">#/properties/cd%3AOrganizationJuristicPerson/properties/cd%3AOrganizationJuristicAddress/properties/cr%3AAddressType/properties/cr%3ARoad</key>
                                    <type>object</type>
                                    <title>The cr:Road schema</title>
                                    <description>An explanation about the purpose of this instance.</description>
                                    <default/>
                                    <examples>
                                        <item>
                                            <key name="cr:RoadCode">10050001</key>
                                            <key name="cr:RoadTextTH">ลาดพร้าว</key>
                                        </item>
                                    </examples>
                                    <required>
                                        <item>cr:RoadCode</item>
                                        <item>cr:RoadTextTH</item>
                                    </required>
                                    <properties>
                                        <key name="cr:RoadCode">
                                            <key name="$id">#/properties/cd%3AOrganizationJuristicPerson/properties/cd%3AOrganizationJuristicAddress/properties/cr%3AAddressType/properties/cr%3ARoad/properties/cr%3ARoadCode</key>
                                            <type>string</type>
                                            <title>The cr:RoadCode schema</title>
                                            <description>An explanation about the purpose of this instance.</description>
                                            <default/>
                                            <examples>
                                                <item>10050001</item>
                                            </examples>
                                        </key>
                                        <key name="cr:RoadTextTH">
                                            <key name="$id">#/properties/cd%3AOrganizationJuristicPerson/properties/cd%3AOrganizationJuristicAddress/properties/cr%3AAddressType/properties/cr%3ARoad/properties/cr%3ARoadTextTH</key>
                                            <type>string</type>
                                            <title>The cr:RoadTextTH schema</title>
                                            <description>An explanation about the purpose of this instance.</description>
                                            <default/>
                                            <examples>
                                                <item>ลาดพร้าว</item>
                                            </examples>
                                        </key>
                                    </properties>
                                    <additionalProperties>True</additionalProperties>
                                </key>
                                <key name="cr:Tumbol">
                                    <key name="$id">#/properties/cd%3AOrganizationJuristicPerson/properties/cd%3AOrganizationJuristicAddress/properties/cr%3AAddressType/properties/cr%3ATumbol</key>
                                    <type>object</type>
                                    <title>The cr:Tumbol schema</title>
                                    <description>An explanation about the purpose of this instance.</description>
                                    <default/>
                                    <examples>
                                        <item>
                                            <key name="cr:TumbolCode">10300400</key>
                                            <key name="cr:TumbolTextTH">จอมพล</key>
                                        </item>
                                    </examples>
                                    <required>
                                        <item>cr:TumbolCode</item>
                                        <item>cr:TumbolTextTH</item>
                                    </required>
                                    <properties>
                                        <key name="cr:TumbolCode">
                                            <key name="$id">#/properties/cd%3AOrganizationJuristicPerson/properties/cd%3AOrganizationJuristicAddress/properties/cr%3AAddressType/properties/cr%3ATumbol/properties/cr%3ATumbolCode</key>
                                            <type>string</type>
                                            <title>The cr:TumbolCode schema</title>
                                            <description>An explanation about the purpose of this instance.</description>
                                            <default/>
                                            <examples>
                                                <item>10300400</item>
                                            </examples>
                                        </key>
                                        <key name="cr:TumbolTextTH">
                                            <key name="$id">#/properties/cd%3AOrganizationJuristicPerson/properties/cd%3AOrganizationJuristicAddress/properties/cr%3AAddressType/properties/cr%3ATumbol/properties/cr%3ATumbolTextTH</key>
                                            <type>string</type>
                                            <title>The cr:TumbolTextTH schema</title>
                                            <description>An explanation about the purpose of this instance.</description>
                                            <default/>
                                            <examples>
                                                <item>จอมพล</item>
                                            </examples>
                                        </key>
                                    </properties>
                                    <additionalProperties>True</additionalProperties>
                                </key>
                                <key name="cr:Ampur">
                                    <key name="$id">#/properties/cd%3AOrganizationJuristicPerson/properties/cd%3AOrganizationJuristicAddress/properties/cr%3AAddressType/properties/cr%3AAmpur</key>
                                    <type>object</type>
                                    <title>The cr:Ampur schema</title>
                                    <description>An explanation about the purpose of this instance.</description>
                                    <default/>
                                    <examples>
                                        <item>
                                            <key name="cr:AmpurCode">1030</key>
                                            <key name="cr:AmpurTextTH">เขตจตุจักร</key>
                                        </item>
                                    </examples>
                                    <required>
                                        <item>cr:AmpurCode</item>
                                        <item>cr:AmpurTextTH</item>
                                    </required>
                                    <properties>
                                        <key name="cr:AmpurCode">
                                            <key name="$id">#/properties/cd%3AOrganizationJuristicPerson/properties/cd%3AOrganizationJuristicAddress/properties/cr%3AAddressType/properties/cr%3AAmpur/properties/cr%3AAmpurCode</key>
                                            <type>string</type>
                                            <title>The cr:AmpurCode schema</title>
                                            <description>An explanation about the purpose of this instance.</description>
                                            <default/>
                                            <examples>
                                                <item>1030</item>
                                            </examples>
                                        </key>
                                        <key name="cr:AmpurTextTH">
                                            <key name="$id">#/properties/cd%3AOrganizationJuristicPerson/properties/cd%3AOrganizationJuristicAddress/properties/cr%3AAddressType/properties/cr%3AAmpur/properties/cr%3AAmpurTextTH</key>
                                            <type>string</type>
                                            <title>The cr:AmpurTextTH schema</title>
                                            <description>An explanation about the purpose of this instance.</description>
                                            <default/>
                                            <examples>
                                                <item>เขตจตุจักร</item>
                                            </examples>
                                        </key>
                                    </properties>
                                    <additionalProperties>True</additionalProperties>
                                </key>
                                <key name="cr:Province">
                                    <key name="$id">#/properties/cd%3AOrganizationJuristicPerson/properties/cd%3AOrganizationJuristicAddress/properties/cr%3AAddressType/properties/cr%3AProvince</key>
                                    <type>object</type>
                                    <title>The cr:Province schema</title>
                                    <description>An explanation about the purpose of this instance.</description>
                                    <default/>
                                    <examples>
                                        <item>
                                            <key name="cr:ProvinceCode">TH-10</key>
                                            <key name="cr:ProvinceTextTH">กรุงเทพมหานคร</key>
                                        </item>
                                    </examples>
                                    <required>
                                        <item>cr:ProvinceCode</item>
                                        <item>cr:ProvinceTextTH</item>
                                    </required>
                                    <properties>
                                        <key name="cr:ProvinceCode">
                                            <key name="$id">#/properties/cd%3AOrganizationJuristicPerson/properties/cd%3AOrganizationJuristicAddress/properties/cr%3AAddressType/properties/cr%3AProvince/properties/cr%3AProvinceCode</key>
                                            <type>string</type>
                                            <title>The cr:ProvinceCode schema</title>
                                            <description>An explanation about the purpose of this instance.</description>
                                            <default/>
                                            <examples>
                                                <item>TH-10</item>
                                            </examples>
                                        </key>
                                        <key name="cr:ProvinceTextTH">
                                            <key name="$id">#/properties/cd%3AOrganizationJuristicPerson/properties/cd%3AOrganizationJuristicAddress/properties/cr%3AAddressType/properties/cr%3AProvince/properties/cr%3AProvinceTextTH</key>
                                            <type>string</type>
                                            <title>The cr:ProvinceTextTH schema</title>
                                            <description>An explanation about the purpose of this instance.</description>
                                            <default/>
                                            <examples>
                                                <item>กรุงเทพมหานคร</item>
                                            </examples>
                                        </key>
                                    </properties>
                                    <additionalProperties>True</additionalProperties>
                                </key>
                            </properties>
                            <additionalProperties>True</additionalProperties>
                        </key>
                    </properties>
                    <additionalProperties>True</additionalProperties>
                </key>
            </properties>
            <additionalProperties>True</additionalProperties>
        </key>
    </properties>
    <additionalProperties>True</additionalProperties>
</root>
