{
    "$schema": "http://json-schema.org/draft-07/schema",
    "$id": "http://example.com/example.json",
    "type": "object",
    "title": "The root schema",
    "description": "The root schema comprises the entire JSON document.",
    "default": {},
    "examples": [
        {
            "cd:OrganizationJuristicPerson": {
                "cd:OrganizationJuristicID": "01055491xxxxx",
                "cd:OrganizationJuristicNameTH": "บริษัท ทดสอบ จำกัด",
                "cd:OrganizationJuristicNameEN": "Todsorb co., Ltd.",
                "cd:OrganizationJuristicType": "บริษัทจำกัด",
                "cd:OrganizationJuristicRegisterDate": "19001225",
                "cd:OrganizationJuristicStatus": "ยังดำเนินกิจการอยู่",
                "cd:OrganizationJuristicObjective": {
                    "td:JuristicObjective": {
                        "td:JuristicObjectiveCode": "63111",
                        "td:JuristicObjectiveTextTH": "ที่ปรึกษาระบบเทคโนโลยีสารสนเทศ ออกแบบ และพัฒนาระบบ",
                        "td:JuristicObjectiveTextEN": "ข้อความ"
                    }
                },
                "cd:OrganizationJuristicRegisterCapital": "1000000",
                "cd:OrganizationJuristicAddressName": "สำนักงานใหญ่",
                "cd:OrganizationJuristicAddress": {
                    "cr:AddressType": {
                        "cd:Building": null,
                        "cd:RoomNo": "404",
                        "cd:Floor": "15",
                        "cd:AddressNo": "10",
                        "cd:Moo": "1",
                        "cr:Soi": null,
                        "cr:Village": null,
                        "cr:Road": {
                            "cr:RoadCode": "10050001",
                            "cr:RoadTextTH": "ลาดพร้าว"
                        },
                        "cr:Tumbol": {
                            "cr:TumbolCode": "10300400",
                            "cr:TumbolTextTH": "จอมพล"
                        },
                        "cr:Ampur": {
                            "cr:AmpurCode": "1030",
                            "cr:AmpurTextTH": "เขตจตุจักร"
                        },
                        "cr:Province": {
                            "cr:ProvinceCode": "TH-10",
                            "cr:ProvinceTextTH": "กรุงเทพมหานคร"
                        }
                    }
                }
            }
        }
    ],
    "required": [
        "cd:OrganizationJuristicPerson"
    ],
    "properties": {
        "cd:OrganizationJuristicPerson": {
            "$id": "#/properties/cd%3AOrganizationJuristicPerson",
            "type": "object",
            "title": "The cd:OrganizationJuristicPerson schema",
            "description": "An explanation about the purpose of this instance.",
            "default": {},
            "examples": [
                {
                    "cd:OrganizationJuristicID": "01055491xxxxx",
                    "cd:OrganizationJuristicNameTH": "บริษัท ทดสอบ จำกัด",
                    "cd:OrganizationJuristicNameEN": "Todsorb co., Ltd.",
                    "cd:OrganizationJuristicType": "บริษัทจำกัด",
                    "cd:OrganizationJuristicRegisterDate": "19001225",
                    "cd:OrganizationJuristicStatus": "ยังดำเนินกิจการอยู่",
                    "cd:OrganizationJuristicObjective": {
                        "td:JuristicObjective": {
                            "td:JuristicObjectiveCode": "63111",
                            "td:JuristicObjectiveTextTH": "ที่ปรึกษาระบบเทคโนโลยีสารสนเทศ ออกแบบ และพัฒนาระบบ",
                            "td:JuristicObjectiveTextEN": "ข้อความ"
                        }
                    },
                    "cd:OrganizationJuristicRegisterCapital": "1000000",
                    "cd:OrganizationJuristicAddressName": "สำนักงานใหญ่",
                    "cd:OrganizationJuristicAddress": {
                        "cr:AddressType": {
                            "cd:Building": null,
                            "cd:RoomNo": "404",
                            "cd:Floor": "15",
                            "cd:AddressNo": "10",
                            "cd:Moo": "1",
                            "cr:Soi": null,
                            "cr:Village": null,
                            "cr:Road": {
                                "cr:RoadCode": "10050001",
                                "cr:RoadTextTH": "ลาดพร้าว"
                            },
                            "cr:Tumbol": {
                                "cr:TumbolCode": "10300400",
                                "cr:TumbolTextTH": "จอมพล"
                            },
                            "cr:Ampur": {
                                "cr:AmpurCode": "1030",
                                "cr:AmpurTextTH": "เขตจตุจักร"
                            },
                            "cr:Province": {
                                "cr:ProvinceCode": "TH-10",
                                "cr:ProvinceTextTH": "กรุงเทพมหานคร"
                            }
                        }
                    }
                }
            ],
            "required": [
                "cd:OrganizationJuristicID",
                "cd:OrganizationJuristicNameTH",
                "cd:OrganizationJuristicNameEN",
                "cd:OrganizationJuristicType",
                "cd:OrganizationJuristicRegisterDate",
                "cd:OrganizationJuristicStatus",
                "cd:OrganizationJuristicObjective",
                "cd:OrganizationJuristicRegisterCapital",
                "cd:OrganizationJuristicAddressName",
                "cd:OrganizationJuristicAddress"
            ],
            "properties": {
                "cd:OrganizationJuristicID": {
                    "$id": "#/properties/cd%3AOrganizationJuristicPerson/properties/cd%3AOrganizationJuristicID",
                    "type": "string",
                    "title": "The cd:OrganizationJuristicID schema",
                    "description": "An explanation about the purpose of this instance.",
                    "default": "",
                    "examples": [
                        "01055491xxxxx"
                    ]
                },
                "cd:OrganizationJuristicNameTH": {
                    "$id": "#/properties/cd%3AOrganizationJuristicPerson/properties/cd%3AOrganizationJuristicNameTH",
                    "type": "string",
                    "title": "The cd:OrganizationJuristicNameTH schema",
                    "description": "An explanation about the purpose of this instance.",
                    "default": "",
                    "examples": [
                        "บริษัท ทดสอบ จำกัด"
                    ]
                },
                "cd:OrganizationJuristicNameEN": {
                    "$id": "#/properties/cd%3AOrganizationJuristicPerson/properties/cd%3AOrganizationJuristicNameEN",
                    "type": "string",
                    "title": "The cd:OrganizationJuristicNameEN schema",
                    "description": "An explanation about the purpose of this instance.",
                    "default": "",
                    "examples": [
                        "Todsorb co., Ltd."
                    ]
                },
                "cd:OrganizationJuristicType": {
                    "$id": "#/properties/cd%3AOrganizationJuristicPerson/properties/cd%3AOrganizationJuristicType",
                    "type": "string",
                    "title": "The cd:OrganizationJuristicType schema",
                    "description": "An explanation about the purpose of this instance.",
                    "default": "",
                    "examples": [
                        "บริษัทจำกัด"
                    ]
                },
                "cd:OrganizationJuristicRegisterDate": {
                    "$id": "#/properties/cd%3AOrganizationJuristicPerson/properties/cd%3AOrganizationJuristicRegisterDate",
                    "type": "string",
                    "title": "The cd:OrganizationJuristicRegisterDate schema",
                    "description": "An explanation about the purpose of this instance.",
                    "default": "",
                    "examples": [
                        "19001225"
                    ]
                },
                "cd:OrganizationJuristicStatus": {
                    "$id": "#/properties/cd%3AOrganizationJuristicPerson/properties/cd%3AOrganizationJuristicStatus",
                    "type": "string",
                    "title": "The cd:OrganizationJuristicStatus schema",
                    "description": "An explanation about the purpose of this instance.",
                    "default": "",
                    "examples": [
                        "ยังดำเนินกิจการอยู่"
                    ]
                },
                "cd:OrganizationJuristicObjective": {
                    "$id": "#/properties/cd%3AOrganizationJuristicPerson/properties/cd%3AOrganizationJuristicObjective",
                    "type": "object",
                    "title": "The cd:OrganizationJuristicObjective schema",
                    "description": "An explanation about the purpose of this instance.",
                    "default": {},
                    "examples": [
                        {
                            "td:JuristicObjective": {
                                "td:JuristicObjectiveCode": "63111",
                                "td:JuristicObjectiveTextTH": "ที่ปรึกษาระบบเทคโนโลยีสารสนเทศ ออกแบบ และพัฒนาระบบ",
                                "td:JuristicObjectiveTextEN": "ข้อความ"
                            }
                        }
                    ],
                    "required": [
                        "td:JuristicObjective"
                    ],
                    "properties": {
                        "td:JuristicObjective": {
                            "$id": "#/properties/cd%3AOrganizationJuristicPerson/properties/cd%3AOrganizationJuristicObjective/properties/td%3AJuristicObjective",
                            "type": "object",
                            "title": "The td:JuristicObjective schema",
                            "description": "An explanation about the purpose of this instance.",
                            "default": {},
                            "examples": [
                                {
                                    "td:JuristicObjectiveCode": "63111",
                                    "td:JuristicObjectiveTextTH": "ที่ปรึกษาระบบเทคโนโลยีสารสนเทศ ออกแบบ และพัฒนาระบบ",
                                    "td:JuristicObjectiveTextEN": "ข้อความ"
                                }
                            ],
                            "required": [
                                "td:JuristicObjectiveCode",
                                "td:JuristicObjectiveTextTH",
                                "td:JuristicObjectiveTextEN"
                            ],
                            "properties": {
                                "td:JuristicObjectiveCode": {
                                    "$id": "#/properties/cd%3AOrganizationJuristicPerson/properties/cd%3AOrganizationJuristicObjective/properties/td%3AJuristicObjective/properties/td%3AJuristicObjectiveCode",
                                    "type": "string",
                                    "title": "The td:JuristicObjectiveCode schema",
                                    "description": "An explanation about the purpose of this instance.",
                                    "default": "",
                                    "examples": [
                                        "63111"
                                    ]
                                },
                                "td:JuristicObjectiveTextTH": {
                                    "$id": "#/properties/cd%3AOrganizationJuristicPerson/properties/cd%3AOrganizationJuristicObjective/properties/td%3AJuristicObjective/properties/td%3AJuristicObjectiveTextTH",
                                    "type": "string",
                                    "title": "The td:JuristicObjectiveTextTH schema",
                                    "description": "An explanation about the purpose of this instance.",
                                    "default": "",
                                    "examples": [
                                        "ที่ปรึกษาระบบเทคโนโลยีสารสนเทศ ออกแบบ และพัฒนาระบบ"
                                    ]
                                },
                                "td:JuristicObjectiveTextEN": {
                                    "$id": "#/properties/cd%3AOrganizationJuristicPerson/properties/cd%3AOrganizationJuristicObjective/properties/td%3AJuristicObjective/properties/td%3AJuristicObjectiveTextEN",
                                    "type": "string",
                                    "title": "The td:JuristicObjectiveTextEN schema",
                                    "description": "An explanation about the purpose of this instance.",
                                    "default": "",
                                    "examples": [
                                        "ข้อความ"
                                    ]
                                }
                            },
                            "additionalProperties": true
                        }
                    },
                    "additionalProperties": true
                },
                "cd:OrganizationJuristicRegisterCapital": {
                    "$id": "#/properties/cd%3AOrganizationJuristicPerson/properties/cd%3AOrganizationJuristicRegisterCapital",
                    "type": "string",
                    "title": "The cd:OrganizationJuristicRegisterCapital schema",
                    "description": "An explanation about the purpose of this instance.",
                    "default": "",
                    "examples": [
                        "1000000"
                    ]
                },
                "cd:OrganizationJuristicAddressName": {
                    "$id": "#/properties/cd%3AOrganizationJuristicPerson/properties/cd%3AOrganizationJuristicAddressName",
                    "type": "string",
                    "title": "The cd:OrganizationJuristicAddressName schema",
                    "description": "An explanation about the purpose of this instance.",
                    "default": "",
                    "examples": [
                        "สำนักงานใหญ่"
                    ]
                },
                "cd:OrganizationJuristicAddress": {
                    "$id": "#/properties/cd%3AOrganizationJuristicPerson/properties/cd%3AOrganizationJuristicAddress",
                    "type": "object",
                    "title": "The cd:OrganizationJuristicAddress schema",
                    "description": "An explanation about the purpose of this instance.",
                    "default": {},
                    "examples": [
                        {
                            "cr:AddressType": {
                                "cd:Building": null,
                                "cd:RoomNo": "404",
                                "cd:Floor": "15",
                                "cd:AddressNo": "10",
                                "cd:Moo": "1",
                                "cr:Soi": null,
                                "cr:Village": null,
                                "cr:Road": {
                                    "cr:RoadCode": "10050001",
                                    "cr:RoadTextTH": "ลาดพร้าว"
                                },
                                "cr:Tumbol": {
                                    "cr:TumbolCode": "10300400",
                                    "cr:TumbolTextTH": "จอมพล"
                                },
                                "cr:Ampur": {
                                    "cr:AmpurCode": "1030",
                                    "cr:AmpurTextTH": "เขตจตุจักร"
                                },
                                "cr:Province": {
                                    "cr:ProvinceCode": "TH-10",
                                    "cr:ProvinceTextTH": "กรุงเทพมหานคร"
                                }
                            }
                        }
                    ],
                    "required": [
                        "cr:AddressType"
                    ],
                    "properties": {
                        "cr:AddressType": {
                            "$id": "#/properties/cd%3AOrganizationJuristicPerson/properties/cd%3AOrganizationJuristicAddress/properties/cr%3AAddressType",
                            "type": "object",
                            "title": "The cr:AddressType schema",
                            "description": "An explanation about the purpose of this instance.",
                            "default": {},
                            "examples": [
                                {
                                    "cd:Building": null,
                                    "cd:RoomNo": "404",
                                    "cd:Floor": "15",
                                    "cd:AddressNo": "10",
                                    "cd:Moo": "1",
                                    "cr:Soi": null,
                                    "cr:Village": null,
                                    "cr:Road": {
                                        "cr:RoadCode": "10050001",
                                        "cr:RoadTextTH": "ลาดพร้าว"
                                    },
                                    "cr:Tumbol": {
                                        "cr:TumbolCode": "10300400",
                                        "cr:TumbolTextTH": "จอมพล"
                                    },
                                    "cr:Ampur": {
                                        "cr:AmpurCode": "1030",
                                        "cr:AmpurTextTH": "เขตจตุจักร"
                                    },
                                    "cr:Province": {
                                        "cr:ProvinceCode": "TH-10",
                                        "cr:ProvinceTextTH": "กรุงเทพมหานคร"
                                    }
                                }
                            ],
                            "required": [
                                "cd:Building",
                                "cd:RoomNo",
                                "cd:Floor",
                                "cd:AddressNo",
                                "cd:Moo",
                                "cr:Soi",
                                "cr:Village",
                                "cr:Road",
                                "cr:Tumbol",
                                "cr:Ampur",
                                "cr:Province"
                            ],
                            "properties": {
                                "cd:Building": {
                                    "$id": "#/properties/cd%3AOrganizationJuristicPerson/properties/cd%3AOrganizationJuristicAddress/properties/cr%3AAddressType/properties/cd%3ABuilding",
                                    "type": "null",
                                    "title": "The cd:Building schema",
                                    "description": "An explanation about the purpose of this instance.",
                                    "default": null,
                                    "examples": [
                                        null
                                    ]
                                },
                                "cd:RoomNo": {
                                    "$id": "#/properties/cd%3AOrganizationJuristicPerson/properties/cd%3AOrganizationJuristicAddress/properties/cr%3AAddressType/properties/cd%3ARoomNo",
                                    "type": "string",
                                    "title": "The cd:RoomNo schema",
                                    "description": "An explanation about the purpose of this instance.",
                                    "default": "",
                                    "examples": [
                                        "404"
                                    ]
                                },
                                "cd:Floor": {
                                    "$id": "#/properties/cd%3AOrganizationJuristicPerson/properties/cd%3AOrganizationJuristicAddress/properties/cr%3AAddressType/properties/cd%3AFloor",
                                    "type": "string",
                                    "title": "The cd:Floor schema",
                                    "description": "An explanation about the purpose of this instance.",
                                    "default": "",
                                    "examples": [
                                        "15"
                                    ]
                                },
                                "cd:AddressNo": {
                                    "$id": "#/properties/cd%3AOrganizationJuristicPerson/properties/cd%3AOrganizationJuristicAddress/properties/cr%3AAddressType/properties/cd%3AAddressNo",
                                    "type": "string",
                                    "title": "The cd:AddressNo schema",
                                    "description": "An explanation about the purpose of this instance.",
                                    "default": "",
                                    "examples": [
                                        "10"
                                    ]
                                },
                                "cd:Moo": {
                                    "$id": "#/properties/cd%3AOrganizationJuristicPerson/properties/cd%3AOrganizationJuristicAddress/properties/cr%3AAddressType/properties/cd%3AMoo",
                                    "type": "string",
                                    "title": "The cd:Moo schema",
                                    "description": "An explanation about the purpose of this instance.",
                                    "default": "",
                                    "examples": [
                                        "1"
                                    ]
                                },
                                "cr:Soi": {
                                    "$id": "#/properties/cd%3AOrganizationJuristicPerson/properties/cd%3AOrganizationJuristicAddress/properties/cr%3AAddressType/properties/cr%3ASoi",
                                    "type": "null",
                                    "title": "The cr:Soi schema",
                                    "description": "An explanation about the purpose of this instance.",
                                    "default": null,
                                    "examples": [
                                        null
                                    ]
                                },
                                "cr:Village": {
                                    "$id": "#/properties/cd%3AOrganizationJuristicPerson/properties/cd%3AOrganizationJuristicAddress/properties/cr%3AAddressType/properties/cr%3AVillage",
                                    "type": "null",
                                    "title": "The cr:Village schema",
                                    "description": "An explanation about the purpose of this instance.",
                                    "default": null,
                                    "examples": [
                                        null
                                    ]
                                },
                                "cr:Road": {
                                    "$id": "#/properties/cd%3AOrganizationJuristicPerson/properties/cd%3AOrganizationJuristicAddress/properties/cr%3AAddressType/properties/cr%3ARoad",
                                    "type": "object",
                                    "title": "The cr:Road schema",
                                    "description": "An explanation about the purpose of this instance.",
                                    "default": {},
                                    "examples": [
                                        {
                                            "cr:RoadCode": "10050001",
                                            "cr:RoadTextTH": "ลาดพร้าว"
                                        }
                                    ],
                                    "required": [
                                        "cr:RoadCode",
                                        "cr:RoadTextTH"
                                    ],
                                    "properties": {
                                        "cr:RoadCode": {
                                            "$id": "#/properties/cd%3AOrganizationJuristicPerson/properties/cd%3AOrganizationJuristicAddress/properties/cr%3AAddressType/properties/cr%3ARoad/properties/cr%3ARoadCode",
                                            "type": "string",
                                            "title": "The cr:RoadCode schema",
                                            "description": "An explanation about the purpose of this instance.",
                                            "default": "",
                                            "examples": [
                                                "10050001"
                                            ]
                                        },
                                        "cr:RoadTextTH": {
                                            "$id": "#/properties/cd%3AOrganizationJuristicPerson/properties/cd%3AOrganizationJuristicAddress/properties/cr%3AAddressType/properties/cr%3ARoad/properties/cr%3ARoadTextTH",
                                            "type": "string",
                                            "title": "The cr:RoadTextTH schema",
                                            "description": "An explanation about the purpose of this instance.",
                                            "default": "",
                                            "examples": [
                                                "ลาดพร้าว"
                                            ]
                                        }
                                    },
                                    "additionalProperties": true
                                },
                                "cr:Tumbol": {
                                    "$id": "#/properties/cd%3AOrganizationJuristicPerson/properties/cd%3AOrganizationJuristicAddress/properties/cr%3AAddressType/properties/cr%3ATumbol",
                                    "type": "object",
                                    "title": "The cr:Tumbol schema",
                                    "description": "An explanation about the purpose of this instance.",
                                    "default": {},
                                    "examples": [
                                        {
                                            "cr:TumbolCode": "10300400",
                                            "cr:TumbolTextTH": "จอมพล"
                                        }
                                    ],
                                    "required": [
                                        "cr:TumbolCode",
                                        "cr:TumbolTextTH"
                                    ],
                                    "properties": {
                                        "cr:TumbolCode": {
                                            "$id": "#/properties/cd%3AOrganizationJuristicPerson/properties/cd%3AOrganizationJuristicAddress/properties/cr%3AAddressType/properties/cr%3ATumbol/properties/cr%3ATumbolCode",
                                            "type": "string",
                                            "title": "The cr:TumbolCode schema",
                                            "description": "An explanation about the purpose of this instance.",
                                            "default": "",
                                            "examples": [
                                                "10300400"
                                            ]
                                        },
                                        "cr:TumbolTextTH": {
                                            "$id": "#/properties/cd%3AOrganizationJuristicPerson/properties/cd%3AOrganizationJuristicAddress/properties/cr%3AAddressType/properties/cr%3ATumbol/properties/cr%3ATumbolTextTH",
                                            "type": "string",
                                            "title": "The cr:TumbolTextTH schema",
                                            "description": "An explanation about the purpose of this instance.",
                                            "default": "",
                                            "examples": [
                                                "จอมพล"
                                            ]
                                        }
                                    },
                                    "additionalProperties": true
                                },
                                "cr:Ampur": {
                                    "$id": "#/properties/cd%3AOrganizationJuristicPerson/properties/cd%3AOrganizationJuristicAddress/properties/cr%3AAddressType/properties/cr%3AAmpur",
                                    "type": "object",
                                    "title": "The cr:Ampur schema",
                                    "description": "An explanation about the purpose of this instance.",
                                    "default": {},
                                    "examples": [
                                        {
                                            "cr:AmpurCode": "1030",
                                            "cr:AmpurTextTH": "เขตจตุจักร"
                                        }
                                    ],
                                    "required": [
                                        "cr:AmpurCode",
                                        "cr:AmpurTextTH"
                                    ],
                                    "properties": {
                                        "cr:AmpurCode": {
                                            "$id": "#/properties/cd%3AOrganizationJuristicPerson/properties/cd%3AOrganizationJuristicAddress/properties/cr%3AAddressType/properties/cr%3AAmpur/properties/cr%3AAmpurCode",
                                            "type": "string",
                                            "title": "The cr:AmpurCode schema",
                                            "description": "An explanation about the purpose of this instance.",
                                            "default": "",
                                            "examples": [
                                                "1030"
                                            ]
                                        },
                                        "cr:AmpurTextTH": {
                                            "$id": "#/properties/cd%3AOrganizationJuristicPerson/properties/cd%3AOrganizationJuristicAddress/properties/cr%3AAddressType/properties/cr%3AAmpur/properties/cr%3AAmpurTextTH",
                                            "type": "string",
                                            "title": "The cr:AmpurTextTH schema",
                                            "description": "An explanation about the purpose of this instance.",
                                            "default": "",
                                            "examples": [
                                                "เขตจตุจักร"
                                            ]
                                        }
                                    },
                                    "additionalProperties": true
                                },
                                "cr:Province": {
                                    "$id": "#/properties/cd%3AOrganizationJuristicPerson/properties/cd%3AOrganizationJuristicAddress/properties/cr%3AAddressType/properties/cr%3AProvince",
                                    "type": "object",
                                    "title": "The cr:Province schema",
                                    "description": "An explanation about the purpose of this instance.",
                                    "default": {},
                                    "examples": [
                                        {
                                            "cr:ProvinceCode": "TH-10",
                                            "cr:ProvinceTextTH": "กรุงเทพมหานคร"
                                        }
                                    ],
                                    "required": [
                                        "cr:ProvinceCode",
                                        "cr:ProvinceTextTH"
                                    ],
                                    "properties": {
                                        "cr:ProvinceCode": {
                                            "$id": "#/properties/cd%3AOrganizationJuristicPerson/properties/cd%3AOrganizationJuristicAddress/properties/cr%3AAddressType/properties/cr%3AProvince/properties/cr%3AProvinceCode",
                                            "type": "string",
                                            "title": "The cr:ProvinceCode schema",
                                            "description": "An explanation about the purpose of this instance.",
                                            "default": "",
                                            "examples": [
                                                "TH-10"
                                            ]
                                        },
                                        "cr:ProvinceTextTH": {
                                            "$id": "#/properties/cd%3AOrganizationJuristicPerson/properties/cd%3AOrganizationJuristicAddress/properties/cr%3AAddressType/properties/cr%3AProvince/properties/cr%3AProvinceTextTH",
                                            "type": "string",
                                            "title": "The cr:ProvinceTextTH schema",
                                            "description": "An explanation about the purpose of this instance.",
                                            "default": "",
                                            "examples": [
                                                "กรุงเทพมหานคร"
                                            ]
                                        }
                                    },
                                    "additionalProperties": true
                                }
                            },
                            "additionalProperties": true
                        }
                    },
                    "additionalProperties": true
                }
            },
            "additionalProperties": true
        }
    },
    "additionalProperties": true
}