<?xml version="1.0" ?>
<root>
    <key name="$schema">http://json-schema.org/draft-07/schema</key>
    <key name="$id">http://example.com/example.json</key>
    <type>object</type>
    <title>The root schema</title>
    <description>The root schema comprises the entire JSON document.</description>
    <default/>
    <examples>
        <item>
            <key name="td:JuristicStatus">
                <key name="td:JuristicStatusCode">1</key>
                <key name="td:JuristicStatusTextTH">ยังดำเนินกิจการ</key>
                <key name="td:JuristicStatusTextEN">ข้อความ</key>
            </key>
        </item>
    </examples>
    <required>
        <item>td:JuristicStatus</item>
    </required>
    <properties>
        <key name="td:JuristicStatus">
            <key name="$id">#/properties/mc%3AJuristicStatus</key>
            <type>object</type>
            <title>The td:JuristicStatus schema</title>
            <description>An explanation about the purpose of this instance.</description>
            <default/>
            <examples>
                <item>
                    <key name="td:JuristicStatusCode">1</key>
                    <key name="td:JuristicStatusTextTH">ยังดำเนินกิจการ</key>
                    <key name="td:JuristicStatusTextEN">ข้อความ</key>
                </item>
            </examples>
            <required>
                <item>td:JuristicStatusCode</item>
                <item>td:JuristicStatusTextTH</item>
                <item>td:JuristicStatusTextEN</item>
            </required>
            <properties>
                <key name="td:JuristicStatusCode">
                    <key name="$id">#/properties/mc%3AJuristicStatus/properties/mc%3AJuristicStatusCode</key>
                    <type>string</type>
                    <title>The td:JuristicStatusCode schema</title>
                    <description>An explanation about the purpose of this instance.</description>
                    <default/>
                    <examples>
                        <item>1</item>
                    </examples>
                </key>
                <key name="td:JuristicStatusTextTH">
                    <key name="$id">#/properties/mc%3AJuristicStatus/properties/mc%3AJuristicStatusTextTH</key>
                    <type>string</type>
                    <title>The td:JuristicStatusTextTH schema</title>
                    <description>An explanation about the purpose of this instance.</description>
                    <default/>
                    <examples>
                        <item>ยังดำเนินกิจการ</item>
                    </examples>
                </key>
                <key name="td:JuristicStatusTextEN">
                    <key name="$id">#/properties/mc%3AJuristicStatus/properties/mc%3AJuristicStatusTextEN</key>
                    <type>string</type>
                    <title>The td:JuristicStatusTextEN schema</title>
                    <description>An explanation about the purpose of this instance.</description>
                    <default/>
                    <examples>
                        <item>ข้อความ</item>
                    </examples>
                </key>
            </properties>
            <additionalProperties>True</additionalProperties>
        </key>
    </properties>
    <additionalProperties>True</additionalProperties>
</root>
