<?xml version="1.0" ?>
<root>
    <key name="$schema">http://json-schema.org/draft-07/schema</key>
    <key name="$id">http://example.com/example.json</key>
    <type>object</type>
    <title>The root schema</title>
    <description>The root schema comprises the entire JSON document.</description>
    <default/>
    <examples>
        <item>
            <key name="td:JuristicType">
                <key name="td:JuristicTypeCode">5</key>
                <key name="td:JuristicTypeTextTH">บริษัทจำกัด</key>
                <key name="td:JuristicTypeTextEN">ข้อความ</key>
            </key>
        </item>
    </examples>
    <required>
        <item>td:JuristicType</item>
    </required>
    <properties>
        <key name="td:JuristicType">
            <key name="$id">#/properties/td%3AJuristicType</key>
            <type>object</type>
            <title>The td:JuristicType schema</title>
            <description>An explanation about the purpose of this instance.</description>
            <default/>
            <examples>
                <item>
                    <key name="td:JuristicTypeCode">5</key>
                    <key name="td:JuristicTypeTextTH">บริษัทจำกัด</key>
                    <key name="td:JuristicTypeTextEN">ข้อความ</key>
                </item>
            </examples>
            <required>
                <item>td:JuristicTypeCode</item>
                <item>td:JuristicTypeTextTH</item>
                <item>td:JuristicTypeTextEN</item>
            </required>
            <properties>
                <key name="td:JuristicTypeCode">
                    <key name="$id">#/properties/td%3AJuristicType/properties/td%3AJuristicTypeCode</key>
                    <type>string</type>
                    <title>The td:JuristicTypeCode schema</title>
                    <description>An explanation about the purpose of this instance.</description>
                    <default/>
                    <examples>
                        <item>5</item>
                    </examples>
                </key>
                <key name="td:JuristicTypeTextTH">
                    <key name="$id">#/properties/td%3AJuristicType/properties/td%3AJuristicTypeTextTH</key>
                    <type>string</type>
                    <title>The td:JuristicTypeTextTH schema</title>
                    <description>An explanation about the purpose of this instance.</description>
                    <default/>
                    <examples>
                        <item>บริษัทจำกัด</item>
                    </examples>
                </key>
                <key name="td:JuristicTypeTextEN">
                    <key name="$id">#/properties/td%3AJuristicType/properties/td%3AJuristicTypeTextEN</key>
                    <type>string</type>
                    <title>The td:JuristicTypeTextEN schema</title>
                    <description>An explanation about the purpose of this instance.</description>
                    <default/>
                    <examples>
                        <item>ข้อความ</item>
                    </examples>
                </key>
            </properties>
            <additionalProperties>True</additionalProperties>
        </key>
    </properties>
    <additionalProperties>True</additionalProperties>
</root>
