<?xml version="1.0" ?>
<root>
    <key name="$schema">http://json-schema.org/draft-07/schema</key>
    <key name="$id">http://example.com/example.json</key>
    <type>object</type>
    <title>The root schema</title>
    <description>The root schema comprises the entire JSON document.</description>
    <default/>
    <examples>
        <item>
            <key name="td:JuristicFinancial">
                <key name="td:JuristicID">
                    <key name="cd:OrganizationJuristicPerson">
                        <key name="cd:OrganizationJuristicID">01055491xxxxx</key>
                    </key>
                </key>
                <key name="td:JuristicShareholderEquity">1849525.68</key>
                <key name="td:JuristicTotalAsset">3658432.35</key>
                <key name="td:JuristicTotalCurrentAsset">2358504.82</key>
                <key name="td:JuristicTotalLiabilities">1808906.67</key>
                <key name="td:JuristicAdminExpenses">2278018.72</key>
                <key name="td:JuristicCostOfGoodsSold">7053862.58</key>
                <key name="td:JuristicEarningPerShare">14.26</key>
                <key name="td:JuristicIncomeTax">ข้อความ</key>
                <key name="td:JuristicInterestExpenses">100984.87</key>
                <key name="td:JuristicNetProfit">142562.96</key>
                <key name="td:JuristicSaleRevenue">9550028.05</key>
                <key name="td:JuristicTotalRevenue">9575429.13</key>
                <key name="td:JuristicStatementYear">2556</key>
                <key name="td:JuristicRegisterCapital">1000000</key>
                <key name="td:JuristicAccountReceivable">534221.5</key>
                <key name="td:JuristicCurrentLiabilities">1808906.67</key>
                <key name="td:JuristicInventory">ข้อความ</key>
                <key name="td:JuristicPaidUpCapital">1000000</key>
                <key name="td:JuristicProperTREquipment">697927.53</key>
            </key>
        </item>
    </examples>
    <required>
        <item>td:JuristicFinancial</item>
    </required>
    <properties>
        <key name="td:JuristicFinancial">
            <key name="$id">#/properties/td%3AJuristicFinancial</key>
            <type>object</type>
            <title>The td:JuristicFinancial schema</title>
            <description>An explanation about the purpose of this instance.</description>
            <default/>
            <examples>
                <item>
                    <key name="td:JuristicID">
                        <key name="cd:OrganizationJuristicPerson">
                            <key name="cd:OrganizationJuristicID">01055491xxxxx</key>
                        </key>
                    </key>
                    <key name="td:JuristicShareholderEquity">1849525.68</key>
                    <key name="td:JuristicTotalAsset">3658432.35</key>
                    <key name="td:JuristicTotalCurrentAsset">2358504.82</key>
                    <key name="td:JuristicTotalLiabilities">1808906.67</key>
                    <key name="td:JuristicAdminExpenses">2278018.72</key>
                    <key name="td:JuristicCostOfGoodsSold">7053862.58</key>
                    <key name="td:JuristicEarningPerShare">14.26</key>
                    <key name="td:JuristicIncomeTax">ข้อความ</key>
                    <key name="td:JuristicInterestExpenses">100984.87</key>
                    <key name="td:JuristicNetProfit">142562.96</key>
                    <key name="td:JuristicSaleRevenue">9550028.05</key>
                    <key name="td:JuristicTotalRevenue">9575429.13</key>
                    <key name="td:JuristicStatementYear">2556</key>
                    <key name="td:JuristicRegisterCapital">1000000</key>
                    <key name="td:JuristicAccountReceivable">534221.5</key>
                    <key name="td:JuristicCurrentLiabilities">1808906.67</key>
                    <key name="td:JuristicInventory">ข้อความ</key>
                    <key name="td:JuristicPaidUpCapital">1000000</key>
                    <key name="td:JuristicProperTREquipment">697927.53</key>
                </item>
            </examples>
            <required>
                <item>td:JuristicID</item>
                <item>td:JuristicShareholderEquity</item>
                <item>td:JuristicTotalAsset</item>
                <item>td:JuristicTotalCurrentAsset</item>
                <item>td:JuristicTotalLiabilities</item>
                <item>td:JuristicAdminExpenses</item>
                <item>td:JuristicCostOfGoodsSold</item>
                <item>td:JuristicEarningPerShare</item>
                <item>td:JuristicIncomeTax</item>
                <item>td:JuristicInterestExpenses</item>
                <item>td:JuristicNetProfit</item>
                <item>td:JuristicSaleRevenue</item>
                <item>td:JuristicTotalRevenue</item>
                <item>td:JuristicStatementYear</item>
                <item>td:JuristicRegisterCapital</item>
                <item>td:JuristicAccountReceivable</item>
                <item>td:JuristicCurrentLiabilities</item>
                <item>td:JuristicInventory</item>
                <item>td:JuristicPaidUpCapital</item>
                <item>td:JuristicProperTREquipment</item>
            </required>
            <properties>
                <key name="td:JuristicID">
                    <key name="$id">#/properties/td%3AJuristicFinancial/properties/td%3AJuristicID</key>
                    <type>object</type>
                    <title>The td:JuristicID schema</title>
                    <description>An explanation about the purpose of this instance.</description>
                    <default/>
                    <examples>
                        <item>
                            <key name="cd:OrganizationJuristicPerson">
                                <key name="cd:OrganizationJuristicID">01055491xxxxx</key>
                            </key>
                        </item>
                    </examples>
                    <required>
                        <item>cd:OrganizationJuristicPerson</item>
                    </required>
                    <properties>
                        <key name="cd:OrganizationJuristicPerson">
                            <key name="$id">#/properties/td%3AJuristicFinancial/properties/td%3AJuristicID/properties/cd%3AOrganizationJuristicPerson</key>
                            <type>object</type>
                            <title>The cd:OrganizationJuristicPerson schema</title>
                            <description>An explanation about the purpose of this instance.</description>
                            <default/>
                            <examples>
                                <item>
                                    <key name="cd:OrganizationJuristicID">01055491xxxxx</key>
                                </item>
                            </examples>
                            <required>
                                <item>cd:OrganizationJuristicID</item>
                            </required>
                            <properties>
                                <key name="cd:OrganizationJuristicID">
                                    <key name="$id">#/properties/td%3AJuristicFinancial/properties/td%3AJuristicID/properties/cd%3AOrganizationJuristicPerson/properties/cd%3AOrganizationJuristicID</key>
                                    <type>string</type>
                                    <title>The cd:OrganizationJuristicID schema</title>
                                    <description>An explanation about the purpose of this instance.</description>
                                    <default/>
                                    <examples>
                                        <item>01055491xxxxx</item>
                                    </examples>
                                </key>
                            </properties>
                            <additionalProperties>True</additionalProperties>
                        </key>
                    </properties>
                    <additionalProperties>True</additionalProperties>
                </key>
                <key name="td:JuristicShareholderEquity">
                    <key name="$id">#/properties/td%3AJuristicFinancial/properties/td%3AJuristicShareholderEquity</key>
                    <type>string</type>
                    <title>The td:JuristicShareholderEquity schema</title>
                    <description>An explanation about the purpose of this instance.</description>
                    <default/>
                    <examples>
                        <item>1849525.68</item>
                    </examples>
                </key>
                <key name="td:JuristicTotalAsset">
                    <key name="$id">#/properties/td%3AJuristicFinancial/properties/td%3AJuristicTotalAsset</key>
                    <type>string</type>
                    <title>The td:JuristicTotalAsset schema</title>
                    <description>An explanation about the purpose of this instance.</description>
                    <default/>
                    <examples>
                        <item>3658432.35</item>
                    </examples>
                </key>
                <key name="td:JuristicTotalCurrentAsset">
                    <key name="$id">#/properties/td%3AJuristicFinancial/properties/td%3AJuristicTotalCurrentAsset</key>
                    <type>string</type>
                    <title>The td:JuristicTotalCurrentAsset schema</title>
                    <description>An explanation about the purpose of this instance.</description>
                    <default/>
                    <examples>
                        <item>2358504.82</item>
                    </examples>
                </key>
                <key name="td:JuristicTotalLiabilities">
                    <key name="$id">#/properties/td%3AJuristicFinancial/properties/td%3AJuristicTotalLiabilities</key>
                    <type>string</type>
                    <title>The td:JuristicTotalLiabilities schema</title>
                    <description>An explanation about the purpose of this instance.</description>
                    <default/>
                    <examples>
                        <item>1808906.67</item>
                    </examples>
                </key>
                <key name="td:JuristicAdminExpenses">
                    <key name="$id">#/properties/td%3AJuristicFinancial/properties/td%3AJuristicAdminExpenses</key>
                    <type>string</type>
                    <title>The td:JuristicAdminExpenses schema</title>
                    <description>An explanation about the purpose of this instance.</description>
                    <default/>
                    <examples>
                        <item>2278018.72</item>
                    </examples>
                </key>
                <key name="td:JuristicCostOfGoodsSold">
                    <key name="$id">#/properties/td%3AJuristicFinancial/properties/td%3AJuristicCostOfGoodsSold</key>
                    <type>string</type>
                    <title>The td:JuristicCostOfGoodsSold schema</title>
                    <description>An explanation about the purpose of this instance.</description>
                    <default/>
                    <examples>
                        <item>7053862.58</item>
                    </examples>
                </key>
                <key name="td:JuristicEarningPerShare">
                    <key name="$id">#/properties/td%3AJuristicFinancial/properties/td%3AJuristicEarningPerShare</key>
                    <type>string</type>
                    <title>The td:JuristicEarningPerShare schema</title>
                    <description>An explanation about the purpose of this instance.</description>
                    <default/>
                    <examples>
                        <item>14.26</item>
                    </examples>
                </key>
                <key name="td:JuristicIncomeTax">
                    <key name="$id">#/properties/td%3AJuristicFinancial/properties/td%3AJuristicIncomeTax</key>
                    <type>string</type>
                    <title>The td:JuristicIncomeTax schema</title>
                    <description>An explanation about the purpose of this instance.</description>
                    <default/>
                    <examples>
                        <item>ข้อความ</item>
                    </examples>
                </key>
                <key name="td:JuristicInterestExpenses">
                    <key name="$id">#/properties/td%3AJuristicFinancial/properties/td%3AJuristicInterestExpenses</key>
                    <type>string</type>
                    <title>The td:JuristicInterestExpenses schema</title>
                    <description>An explanation about the purpose of this instance.</description>
                    <default/>
                    <examples>
                        <item>100984.87</item>
                    </examples>
                </key>
                <key name="td:JuristicNetProfit">
                    <key name="$id">#/properties/td%3AJuristicFinancial/properties/td%3AJuristicNetProfit</key>
                    <type>string</type>
                    <title>The td:JuristicNetProfit schema</title>
                    <description>An explanation about the purpose of this instance.</description>
                    <default/>
                    <examples>
                        <item>142562.96</item>
                    </examples>
                </key>
                <key name="td:JuristicSaleRevenue">
                    <key name="$id">#/properties/td%3AJuristicFinancial/properties/td%3AJuristicSaleRevenue</key>
                    <type>string</type>
                    <title>The td:JuristicSaleRevenue schema</title>
                    <description>An explanation about the purpose of this instance.</description>
                    <default/>
                    <examples>
                        <item>9550028.05</item>
                    </examples>
                </key>
                <key name="td:JuristicTotalRevenue">
                    <key name="$id">#/properties/td%3AJuristicFinancial/properties/td%3AJuristicTotalRevenue</key>
                    <type>string</type>
                    <title>The td:JuristicTotalRevenue schema</title>
                    <description>An explanation about the purpose of this instance.</description>
                    <default/>
                    <examples>
                        <item>9575429.13</item>
                    </examples>
                </key>
                <key name="td:JuristicStatementYear">
                    <key name="$id">#/properties/td%3AJuristicFinancial/properties/td%3AJuristicStatementYear</key>
                    <type>string</type>
                    <title>The td:JuristicStatementYear schema</title>
                    <description>An explanation about the purpose of this instance.</description>
                    <default/>
                    <examples>
                        <item>2556</item>
                    </examples>
                </key>
                <key name="td:JuristicRegisterCapital">
                    <key name="$id">#/properties/td%3AJuristicFinancial/properties/td%3AJuristicRegisterCapital</key>
                    <type>string</type>
                    <title>The td:JuristicRegisterCapital schema</title>
                    <description>An explanation about the purpose of this instance.</description>
                    <default/>
                    <examples>
                        <item>1000000</item>
                    </examples>
                </key>
                <key name="td:JuristicAccountReceivable">
                    <key name="$id">#/properties/td%3AJuristicFinancial/properties/td%3AJuristicAccountReceivable</key>
                    <type>string</type>
                    <title>The td:JuristicAccountReceivable schema</title>
                    <description>An explanation about the purpose of this instance.</description>
                    <default/>
                    <examples>
                        <item>534221.5</item>
                    </examples>
                </key>
                <key name="td:JuristicCurrentLiabilities">
                    <key name="$id">#/properties/td%3AJuristicFinancial/properties/td%3AJuristicCurrentLiabilities</key>
                    <type>string</type>
                    <title>The td:JuristicCurrentLiabilities schema</title>
                    <description>An explanation about the purpose of this instance.</description>
                    <default/>
                    <examples>
                        <item>1808906.67</item>
                    </examples>
                </key>
                <key name="td:JuristicInventory">
                    <key name="$id">#/properties/td%3AJuristicFinancial/properties/td%3AJuristicInventory</key>
                    <type>string</type>
                    <title>The td:JuristicInventory schema</title>
                    <description>An explanation about the purpose of this instance.</description>
                    <default/>
                    <examples>
                        <item>ข้อความ</item>
                    </examples>
                </key>
                <key name="td:JuristicPaidUpCapital">
                    <key name="$id">#/properties/td%3AJuristicFinancial/properties/td%3AJuristicPaidUpCapital</key>
                    <type>string</type>
                    <title>The td:JuristicPaidUpCapital schema</title>
                    <description>An explanation about the purpose of this instance.</description>
                    <default/>
                    <examples>
                        <item>1000000</item>
                    </examples>
                </key>
                <key name="td:JuristicProperTREquipment">
                    <key name="$id">#/properties/td%3AJuristicFinancial/properties/td%3AJuristicProperTREquipment</key>
                    <type>string</type>
                    <title>The td:JuristicProperTREquipment schema</title>
                    <description>An explanation about the purpose of this instance.</description>
                    <default/>
                    <examples>
                        <item>697927.53</item>
                    </examples>
                </key>
            </properties>
            <additionalProperties>True</additionalProperties>
        </key>
    </properties>
    <additionalProperties>True</additionalProperties>
</root>
