<?xml version="1.0" ?>
<root>
    <key name="$schema">http://json-schema.org/draft-07/schema</key>
    <key name="$id">http://example.com/example.json</key>
    <type>object</type>
    <title>The root schema</title>
    <description>The root schema comprises the entire JSON document.</description>
    <default/>
    <examples>
        <item>
            <key name="td:JuristicPerson">
                <key name="td:PersonCode">ข้อความ</key>
                <key name="td:PersonID">
                    <key name="cd:Person">
                        <key name="cd:PersonID">0000000000013</key>
                    </key>
                </key>
                <key name="td:PersonFax">0 25000 8001</key>
                <key name="td:PersonTelephone">0 2500 8000</key>
                <key name="td:PersonEmail">contact@test.co.th</key>
                <key name="td:PersonPassportID">ข้อความ</key>
            </key>
        </item>
    </examples>
    <required>
        <item>td:JuristicPerson</item>
    </required>
    <properties>
        <key name="td:JuristicPerson">
            <key name="$id">#/properties/td%3AJuristicPerson</key>
            <type>object</type>
            <title>The td:JuristicPerson schema</title>
            <description>An explanation about the purpose of this instance.</description>
            <default/>
            <examples>
                <item>
                    <key name="td:PersonCode">ข้อความ</key>
                    <key name="td:PersonID">
                        <key name="cd:Person">
                            <key name="cd:PersonID">0000000000013</key>
                        </key>
                    </key>
                    <key name="td:PersonFax">0 25000 8001</key>
                    <key name="td:PersonTelephone">0 2500 8000</key>
                    <key name="td:PersonEmail">contact@test.co.th</key>
                    <key name="td:PersonPassportID">ข้อความ</key>
                </item>
            </examples>
            <required>
                <item>td:PersonCode</item>
                <item>td:PersonID</item>
                <item>td:PersonFax</item>
                <item>td:PersonTelephone</item>
                <item>td:PersonEmail</item>
                <item>td:PersonPassportID</item>
            </required>
            <properties>
                <key name="td:PersonCode">
                    <key name="$id">#/properties/td%3AJuristicPerson/properties/td%3APersonCode</key>
                    <type>string</type>
                    <title>The td:PersonCode schema</title>
                    <description>An explanation about the purpose of this instance.</description>
                    <default/>
                    <examples>
                        <item>ข้อความ</item>
                    </examples>
                </key>
                <key name="td:PersonID">
                    <key name="$id">#/properties/td%3AJuristicPerson/properties/td%3APersonID</key>
                    <type>object</type>
                    <title>The td:PersonID schema</title>
                    <description>An explanation about the purpose of this instance.</description>
                    <default/>
                    <examples>
                        <item>
                            <key name="cd:Person">
                                <key name="cd:PersonID">0000000000013</key>
                            </key>
                        </item>
                    </examples>
                    <required>
                        <item>cd:Person</item>
                    </required>
                    <properties>
                        <key name="cd:Person">
                            <key name="$id">#/properties/td%3AJuristicPerson/properties/td%3APersonID/properties/cd%3APerson</key>
                            <type>object</type>
                            <title>The cd:Person schema</title>
                            <description>An explanation about the purpose of this instance.</description>
                            <default/>
                            <examples>
                                <item>
                                    <key name="cd:PersonID">0000000000013</key>
                                </item>
                            </examples>
                            <required>
                                <item>cd:PersonID</item>
                            </required>
                            <properties>
                                <key name="cd:PersonID">
                                    <key name="$id">#/properties/td%3AJuristicPerson/properties/td%3APersonID/properties/cd%3APerson/properties/cd%3APersonID</key>
                                    <type>string</type>
                                    <title>The cd:PersonID schema</title>
                                    <description>An explanation about the purpose of this instance.</description>
                                    <default/>
                                    <examples>
                                        <item>0000000000013</item>
                                    </examples>
                                </key>
                            </properties>
                            <additionalProperties>True</additionalProperties>
                        </key>
                    </properties>
                    <additionalProperties>True</additionalProperties>
                </key>
                <key name="td:PersonFax">
                    <key name="$id">#/properties/td%3AJuristicPerson/properties/td%3APersonFax</key>
                    <type>string</type>
                    <title>The td:PersonFax schema</title>
                    <description>An explanation about the purpose of this instance.</description>
                    <default/>
                    <examples>
                        <item>0 25000 8001</item>
                    </examples>
                </key>
                <key name="td:PersonTelephone">
                    <key name="$id">#/properties/td%3AJuristicPerson/properties/td%3APersonTelephone</key>
                    <type>string</type>
                    <title>The td:PersonTelephone schema</title>
                    <description>An explanation about the purpose of this instance.</description>
                    <default/>
                    <examples>
                        <item>0 2500 8000</item>
                    </examples>
                </key>
                <key name="td:PersonEmail">
                    <key name="$id">#/properties/td%3AJuristicPerson/properties/td%3APersonEmail</key>
                    <type>string</type>
                    <title>The td:PersonEmail schema</title>
                    <description>An explanation about the purpose of this instance.</description>
                    <default/>
                    <examples>
                        <item>contact@test.co.th</item>
                    </examples>
                </key>
                <key name="td:PersonPassportID">
                    <key name="$id">#/properties/td%3AJuristicPerson/properties/td%3APersonPassportID</key>
                    <type>string</type>
                    <title>The td:PersonPassportID schema</title>
                    <description>An explanation about the purpose of this instance.</description>
                    <default/>
                    <examples>
                        <item>ข้อความ</item>
                    </examples>
                </key>
            </properties>
            <additionalProperties>True</additionalProperties>
        </key>
    </properties>
    <additionalProperties>True</additionalProperties>
</root>
<?xml version="1.0" ?>
<root>
    <key name="$schema">http://json-schema.org/draft-07/schema</key>
    <key name="$id">http://example.com/example.json</key>
    <type>object</type>
    <title>The root schema</title>
    <description>The root schema comprises the entire JSON document.</description>
    <default/>
    <examples>
        <item>
            <key name="td:JuristicPerson">
                <key name="td:PersonCode">string</key>
                <key name="td:PersonID">0000000000013</key>
                <key name="td:PersonFax">0 25000 8001</key>
                <key name="td:PersonTelephone">0 2500 8000</key>
                <key name="td:PersonEmail">contact@test.co.th</key>
                <key name="td:PersonPassportID">string</key>
            </key>
        </item>
    </examples>
    <required>
        <item>td:JuristicPerson</item>
    </required>
    <properties>
        <key name="td:JuristicPerson">
            <key name="$id">#/properties/td%3AJuristicPerson</key>
            <type>object</type>
            <title>The td:JuristicPerson schema</title>
            <description>An explanation about the purpose of this instance.</description>
            <default/>
            <examples>
                <item>
                    <key name="td:PersonCode">string</key>
                    <key name="td:PersonID">0000000000013</key>
                    <key name="td:PersonFax">0 25000 8001</key>
                    <key name="td:PersonTelephone">0 2500 8000</key>
                    <key name="td:PersonEmail">contact@test.co.th</key>
                    <key name="td:PersonPassportID">string</key>
                </item>
            </examples>
            <required>
                <item>td:PersonCode</item>
                <item>td:PersonID</item>
                <item>td:PersonFax</item>
                <item>td:PersonTelephone</item>
                <item>td:PersonEmail</item>
                <item>td:PersonPassportID</item>
            </required>
            <properties>
                <key name="td:PersonCode">
                    <key name="$id">#/properties/td%3AJuristicPerson/properties/td%3APersonCode</key>
                    <type>string</type>
                    <title>The td:PersonCode schema</title>
                    <description>An explanation about the purpose of this instance.</description>
                    <default/>
                    <examples>
                        <item>string</item>
                    </examples>
                </key>
                <key name="td:PersonID">
                    <key name="$id">#/properties/td%3AJuristicPerson/properties/td%3APersonID</key>
                    <type>string</type>
                    <title>The td:PersonID schema</title>
                    <description>An explanation about the purpose of this instance.</description>
                    <default/>
                    <examples>
                        <item>0000000000013</item>
                    </examples>
                </key>
                <key name="td:PersonFax">
                    <key name="$id">#/properties/td%3AJuristicPerson/properties/td%3APersonFax</key>
                    <type>string</type>
                    <title>The td:PersonFax schema</title>
                    <description>An explanation about the purpose of this instance.</description>
                    <default/>
                    <examples>
                        <item>0 25000 8001</item>
                    </examples>
                </key>
                <key name="td:PersonTelephone">
                    <key name="$id">#/properties/td%3AJuristicPerson/properties/td%3APersonTelephone</key>
                    <type>string</type>
                    <title>The td:PersonTelephone schema</title>
                    <description>An explanation about the purpose of this instance.</description>
                    <default/>
                    <examples>
                        <item>0 2500 8000</item>
                    </examples>
                </key>
                <key name="td:PersonEmail">
                    <key name="$id">#/properties/td%3AJuristicPerson/properties/td%3APersonEmail</key>
                    <type>string</type>
                    <title>The td:PersonEmail schema</title>
                    <description>An explanation about the purpose of this instance.</description>
                    <default/>
                    <examples>
                        <item>contact@test.co.th</item>
                    </examples>
                </key>
                <key name="td:PersonPassportID">
                    <key name="$id">#/properties/td%3AJuristicPerson/properties/td%3APersonPassportID</key>
                    <type>string</type>
                    <title>The td:PersonPassportID schema</title>
                    <description>An explanation about the purpose of this instance.</description>
                    <default/>
                    <examples>
                        <item>string</item>
                    </examples>
                </key>
            </properties>
            <additionalProperties>True</additionalProperties>
        </key>
    </properties>
    <additionalProperties>True</additionalProperties>
</root>
