{
    "$schema": "http://json-schema.org/draft-07/schema",
    "$id": "http://example.com/example.json",
    "type": "object",
    "title": "The root schema",
    "description": "The root schema comprises the entire JSON document.",
    "default": {},
    "examples": [
        {
            "td:JuristicType": {
                "td:JuristicTypeCode": "5",
                "td:JuristicTypeTextTH": "บริษัทจำกัด",
                "td:JuristicTypeTextEN": "ข้อความ"
            }
        }
    ],
    "required": [
        "td:JuristicType"
    ],
    "properties": {
        "td:JuristicType": {
            "$id": "#/properties/mc%3AJuristicType",
            "type": "object",
            "title": "The td:JuristicType schema",
            "description": "An explanation about the purpose of this instance.",
            "default": {},
            "examples": [
                {
                    "td:JuristicTypeCode": "5",
                    "td:JuristicTypeTextTH": "บริษัทจำกัด",
                    "td:JuristicTypeTextEN": "ข้อความ"
                }
            ],
            "required": [
                "td:JuristicTypeCode",
                "td:JuristicTypeTextTH",
                "td:JuristicTypeTextEN"
            ],
            "properties": {
                "td:JuristicTypeCode": {
                    "$id": "#/properties/mc%3AJuristicType/properties/mc%3AJuristicTypeCode",
                    "type": "string",
                    "title": "The td:JuristicTypeCode schema",
                    "description": "An explanation about the purpose of this instance.",
                    "default": "",
                    "examples": [
                        "5"
                    ]
                },
                "td:JuristicTypeTextTH": {
                    "$id": "#/properties/mc%3AJuristicType/properties/mc%3AJuristicTypeTextTH",
                    "type": "string",
                    "title": "The td:JuristicTypeTextTH schema",
                    "description": "An explanation about the purpose of this instance.",
                    "default": "",
                    "examples": [
                        "บริษัทจำกัด"
                    ]
                },
                "td:JuristicTypeTextEN": {
                    "$id": "#/properties/mc%3AJuristicType/properties/mc%3AJuristicTypeTextEN",
                    "type": "string",
                    "title": "The td:JuristicTypeTextEN schema",
                    "description": "An explanation about the purpose of this instance.",
                    "default": "",
                    "examples": [
                        "ข้อความ"
                    ]
                }
            },
            "additionalProperties": true
        }
    },
    "additionalProperties": true
}