{
    "$schema": "http://json-schema.org/draft-07/schema",
    "$id": "http://example.com/example.json",
    "type": "object",
    "title": "The root schema",
    "description": "The root schema comprises the entire JSON document.",
    "default": {},
    "examples": [
        {
            "td:JuristicPerson": {
                "td:PersonCode": "ข้อความ",
                "td:PersonID": {
                    "cd:Person": {
                        "cd:PersonID": "0000000000013"
                    }
                },
                "td:PersonFax": "0 25000 8001",
                "td:PersonTelephone": "0 2500 8000",
                "td:PersonEmail": "contact@test.co.th",
                "td:PersonPassportID": "ข้อความ"
            }
        }
    ],
    "required": [
        "td:JuristicPerson"
    ],
    "properties": {
        "td:JuristicPerson": {
            "$id": "#/properties/td%3AJuristicPerson",
            "type": "object",
            "title": "The td:JuristicPerson schema",
            "description": "An explanation about the purpose of this instance.",
            "default": {},
            "examples": [
                {
                    "td:PersonCode": "ข้อความ",
                    "td:PersonID": {
                        "cd:Person": {
                            "cd:PersonID": "0000000000013"
                        }
                    },
                    "td:PersonFax": "0 25000 8001",
                    "td:PersonTelephone": "0 2500 8000",
                    "td:PersonEmail": "contact@test.co.th",
                    "td:PersonPassportID": "ข้อความ"
                }
            ],
            "required": [
                "td:PersonCode",
                "td:PersonID",
                "td:PersonFax",
                "td:PersonTelephone",
                "td:PersonEmail",
                "td:PersonPassportID"
            ],
            "properties": {
                "td:PersonCode": {
                    "$id": "#/properties/td%3AJuristicPerson/properties/td%3APersonCode",
                    "type": "string",
                    "title": "The td:PersonCode schema",
                    "description": "An explanation about the purpose of this instance.",
                    "default": "",
                    "examples": [
                        "ข้อความ"
                    ]
                },
                "td:PersonID": {
                    "$id": "#/properties/td%3AJuristicPerson/properties/td%3APersonID",
                    "type": "object",
                    "title": "The td:PersonID schema",
                    "description": "An explanation about the purpose of this instance.",
                    "default": {},
                    "examples": [
                        {
                            "cd:Person": {
                                "cd:PersonID": "0000000000013"
                            }
                        }
                    ],
                    "required": [
                        "cd:Person"
                    ],
                    "properties": {
                        "cd:Person": {
                            "$id": "#/properties/td%3AJuristicPerson/properties/td%3APersonID/properties/cd%3APerson",
                            "type": "object",
                            "title": "The cd:Person schema",
                            "description": "An explanation about the purpose of this instance.",
                            "default": {},
                            "examples": [
                                {
                                    "cd:PersonID": "0000000000013"
                                }
                            ],
                            "required": [
                                "cd:PersonID"
                            ],
                            "properties": {
                                "cd:PersonID": {
                                    "$id": "#/properties/td%3AJuristicPerson/properties/td%3APersonID/properties/cd%3APerson/properties/cd%3APersonID",
                                    "type": "string",
                                    "title": "The cd:PersonID schema",
                                    "description": "An explanation about the purpose of this instance.",
                                    "default": "",
                                    "examples": [
                                        "0000000000013"
                                    ]
                                }
                            },
                            "additionalProperties": true
                        }
                    },
                    "additionalProperties": true
                },
                "td:PersonFax": {
                    "$id": "#/properties/td%3AJuristicPerson/properties/td%3APersonFax",
                    "type": "string",
                    "title": "The td:PersonFax schema",
                    "description": "An explanation about the purpose of this instance.",
                    "default": "",
                    "examples": [
                        "0 25000 8001"
                    ]
                },
                "td:PersonTelephone": {
                    "$id": "#/properties/td%3AJuristicPerson/properties/td%3APersonTelephone",
                    "type": "string",
                    "title": "The td:PersonTelephone schema",
                    "description": "An explanation about the purpose of this instance.",
                    "default": "",
                    "examples": [
                        "0 2500 8000"
                    ]
                },
                "td:PersonEmail": {
                    "$id": "#/properties/td%3AJuristicPerson/properties/td%3APersonEmail",
                    "type": "string",
                    "title": "The td:PersonEmail schema",
                    "description": "An explanation about the purpose of this instance.",
                    "default": "",
                    "examples": [
                        "contact@test.co.th"
                    ]
                },
                "td:PersonPassportID": {
                    "$id": "#/properties/td%3AJuristicPerson/properties/td%3APersonPassportID",
                    "type": "string",
                    "title": "The td:PersonPassportID schema",
                    "description": "An explanation about the purpose of this instance.",
                    "default": "",
                    "examples": [
                        "ข้อความ"
                    ]
                }
            },
            "additionalProperties": true
        }
    },
    "additionalProperties": true
}{
    "$schema": "http://json-schema.org/draft-07/schema",
    "$id": "http://example.com/example.json",
    "type": "object",
    "title": "The root schema",
    "description": "The root schema comprises the entire JSON document.",
    "default": {},
    "examples": [
        {
            "td:JuristicPerson": {
                "td:PersonCode": "string",
                "td:PersonID": "0000000000013",
                "td:PersonFax": "0 25000 8001",
                "td:PersonTelephone": "0 2500 8000",
                "td:PersonEmail": "contact@test.co.th",
                "td:PersonPassportID": "string"
            }
        }
    ],
    "required": [
        "td:JuristicPerson"
    ],
    "properties": {
        "td:JuristicPerson": {
            "$id": "#/properties/td%3AJuristicPerson",
            "type": "object",
            "title": "The td:JuristicPerson schema",
            "description": "An explanation about the purpose of this instance.",
            "default": {},
            "examples": [
                {
                    "td:PersonCode": "string",
                    "td:PersonID": "0000000000013",
                    "td:PersonFax": "0 25000 8001",
                    "td:PersonTelephone": "0 2500 8000",
                    "td:PersonEmail": "contact@test.co.th",
                    "td:PersonPassportID": "string"
                }
            ],
            "required": [
                "td:PersonCode",
                "td:PersonID",
                "td:PersonFax",
                "td:PersonTelephone",
                "td:PersonEmail",
                "td:PersonPassportID"
            ],
            "properties": {
                "td:PersonCode": {
                    "$id": "#/properties/td%3AJuristicPerson/properties/td%3APersonCode",
                    "type": "string",
                    "title": "The td:PersonCode schema",
                    "description": "An explanation about the purpose of this instance.",
                    "default": "",
                    "examples": [
                        "string"
                    ]
                },
                "td:PersonID": {
                    "$id": "#/properties/td%3AJuristicPerson/properties/td%3APersonID",
                    "type": "string",
                    "title": "The td:PersonID schema",
                    "description": "An explanation about the purpose of this instance.",
                    "default": "",
                    "examples": [
                        "0000000000013"
                    ]
                },
                "td:PersonFax": {
                    "$id": "#/properties/td%3AJuristicPerson/properties/td%3APersonFax",
                    "type": "string",
                    "title": "The td:PersonFax schema",
                    "description": "An explanation about the purpose of this instance.",
                    "default": "",
                    "examples": [
                        "0 25000 8001"
                    ]
                },
                "td:PersonTelephone": {
                    "$id": "#/properties/td%3AJuristicPerson/properties/td%3APersonTelephone",
                    "type": "string",
                    "title": "The td:PersonTelephone schema",
                    "description": "An explanation about the purpose of this instance.",
                    "default": "",
                    "examples": [
                        "0 2500 8000"
                    ]
                },
                "td:PersonEmail": {
                    "$id": "#/properties/td%3AJuristicPerson/properties/td%3APersonEmail",
                    "type": "string",
                    "title": "The td:PersonEmail schema",
                    "description": "An explanation about the purpose of this instance.",
                    "default": "",
                    "examples": [
                        "contact@test.co.th"
                    ]
                },
                "td:PersonPassportID": {
                    "$id": "#/properties/td%3AJuristicPerson/properties/td%3APersonPassportID",
                    "type": "string",
                    "title": "The td:PersonPassportID schema",
                    "description": "An explanation about the purpose of this instance.",
                    "default": "",
                    "examples": [
                        "string"
                    ]
                }
            },
            "additionalProperties": true
        }
    },
    "additionalProperties": true
}