{
    "$schema": "http://json-schema.org/draft-07/schema",
    "$id": "http://example.com/example.json",
    "type": "object",
    "title": "The root schema",
    "description": "The root schema comprises the entire JSON document.",
    "default": {},
    "examples": [
        {
            "td:JuristicFinancial": {
                "td:JuristicID": {
                    "cd:OrganizationJuristicPerson": {
                        "cd:OrganizationJuristicID": "01055491xxxxx"
                    }
                },
                "td:JuristicShareholderEquity": "1849525.68",
                "td:JuristicTotalAsset": "3658432.35",
                "td:JuristicTotalCurrentAsset": "2358504.82",
                "td:JuristicTotalLiabilities": "1808906.67",
                "td:JuristicAdminExpenses": "2278018.72",
                "td:JuristicCostOfGoodsSold": "7053862.58",
                "td:JuristicEarningPerShare": "14.26",
                "td:JuristicIncomeTax": "ข้อความ",
                "td:JuristicInterestExpenses": "100984.87",
                "td:JuristicNetProfit": "142562.96",
                "td:JuristicSaleRevenue": "9550028.05",
                "td:JuristicTotalRevenue": "9575429.13",
                "td:JuristicStatementYear": "2556",
                "td:JuristicRegisterCapital": "1000000",
                "td:JuristicAccountReceivable": "534221.5",
                "td:JuristicCurrentLiabilities": "1808906.67",
                "td:JuristicInventory": "ข้อความ",
                "td:JuristicPaidUpCapital": "1000000",
                "td:JuristicProperTREquipment": "697927.53"
            }
        }
    ],
    "required": [
        "td:JuristicFinancial"
    ],
    "properties": {
        "td:JuristicFinancial": {
            "$id": "#/properties/td%3AJuristicFinancial",
            "type": "object",
            "title": "The td:JuristicFinancial schema",
            "description": "An explanation about the purpose of this instance.",
            "default": {},
            "examples": [
                {
                    "td:JuristicID": {
                        "cd:OrganizationJuristicPerson": {
                            "cd:OrganizationJuristicID": "01055491xxxxx"
                        }
                    },
                    "td:JuristicShareholderEquity": "1849525.68",
                    "td:JuristicTotalAsset": "3658432.35",
                    "td:JuristicTotalCurrentAsset": "2358504.82",
                    "td:JuristicTotalLiabilities": "1808906.67",
                    "td:JuristicAdminExpenses": "2278018.72",
                    "td:JuristicCostOfGoodsSold": "7053862.58",
                    "td:JuristicEarningPerShare": "14.26",
                    "td:JuristicIncomeTax": "ข้อความ",
                    "td:JuristicInterestExpenses": "100984.87",
                    "td:JuristicNetProfit": "142562.96",
                    "td:JuristicSaleRevenue": "9550028.05",
                    "td:JuristicTotalRevenue": "9575429.13",
                    "td:JuristicStatementYear": "2556",
                    "td:JuristicRegisterCapital": "1000000",
                    "td:JuristicAccountReceivable": "534221.5",
                    "td:JuristicCurrentLiabilities": "1808906.67",
                    "td:JuristicInventory": "ข้อความ",
                    "td:JuristicPaidUpCapital": "1000000",
                    "td:JuristicProperTREquipment": "697927.53"
                }
            ],
            "required": [
                "td:JuristicID",
                "td:JuristicShareholderEquity",
                "td:JuristicTotalAsset",
                "td:JuristicTotalCurrentAsset",
                "td:JuristicTotalLiabilities",
                "td:JuristicAdminExpenses",
                "td:JuristicCostOfGoodsSold",
                "td:JuristicEarningPerShare",
                "td:JuristicIncomeTax",
                "td:JuristicInterestExpenses",
                "td:JuristicNetProfit",
                "td:JuristicSaleRevenue",
                "td:JuristicTotalRevenue",
                "td:JuristicStatementYear",
                "td:JuristicRegisterCapital",
                "td:JuristicAccountReceivable",
                "td:JuristicCurrentLiabilities",
                "td:JuristicInventory",
                "td:JuristicPaidUpCapital",
                "td:JuristicProperTREquipment"
            ],
            "properties": {
                "td:JuristicID": {
                    "$id": "#/properties/td%3AJuristicFinancial/properties/td%3AJuristicID",
                    "type": "object",
                    "title": "The td:JuristicID schema",
                    "description": "An explanation about the purpose of this instance.",
                    "default": {},
                    "examples": [
                        {
                            "cd:OrganizationJuristicPerson": {
                                "cd:OrganizationJuristicID": "01055491xxxxx"
                            }
                        }
                    ],
                    "required": [
                        "cd:OrganizationJuristicPerson"
                    ],
                    "properties": {
                        "cd:OrganizationJuristicPerson": {
                            "$id": "#/properties/td%3AJuristicFinancial/properties/td%3AJuristicID/properties/cd%3AOrganizationJuristicPerson",
                            "type": "object",
                            "title": "The cd:OrganizationJuristicPerson schema",
                            "description": "An explanation about the purpose of this instance.",
                            "default": {},
                            "examples": [
                                {
                                    "cd:OrganizationJuristicID": "01055491xxxxx"
                                }
                            ],
                            "required": [
                                "cd:OrganizationJuristicID"
                            ],
                            "properties": {
                                "cd:OrganizationJuristicID": {
                                    "$id": "#/properties/td%3AJuristicFinancial/properties/td%3AJuristicID/properties/cd%3AOrganizationJuristicPerson/properties/cd%3AOrganizationJuristicID",
                                    "type": "string",
                                    "title": "The cd:OrganizationJuristicID schema",
                                    "description": "An explanation about the purpose of this instance.",
                                    "default": "",
                                    "examples": [
                                        "01055491xxxxx"
                                    ]
                                }
                            },
                            "additionalProperties": true
                        }
                    },
                    "additionalProperties": true
                },
                "td:JuristicShareholderEquity": {
                    "$id": "#/properties/td%3AJuristicFinancial/properties/td%3AJuristicShareholderEquity",
                    "type": "string",
                    "title": "The td:JuristicShareholderEquity schema",
                    "description": "An explanation about the purpose of this instance.",
                    "default": "",
                    "examples": [
                        "1849525.68"
                    ]
                },
                "td:JuristicTotalAsset": {
                    "$id": "#/properties/td%3AJuristicFinancial/properties/td%3AJuristicTotalAsset",
                    "type": "string",
                    "title": "The td:JuristicTotalAsset schema",
                    "description": "An explanation about the purpose of this instance.",
                    "default": "",
                    "examples": [
                        "3658432.35"
                    ]
                },
                "td:JuristicTotalCurrentAsset": {
                    "$id": "#/properties/td%3AJuristicFinancial/properties/td%3AJuristicTotalCurrentAsset",
                    "type": "string",
                    "title": "The td:JuristicTotalCurrentAsset schema",
                    "description": "An explanation about the purpose of this instance.",
                    "default": "",
                    "examples": [
                        "2358504.82"
                    ]
                },
                "td:JuristicTotalLiabilities": {
                    "$id": "#/properties/td%3AJuristicFinancial/properties/td%3AJuristicTotalLiabilities",
                    "type": "string",
                    "title": "The td:JuristicTotalLiabilities schema",
                    "description": "An explanation about the purpose of this instance.",
                    "default": "",
                    "examples": [
                        "1808906.67"
                    ]
                },
                "td:JuristicAdminExpenses": {
                    "$id": "#/properties/td%3AJuristicFinancial/properties/td%3AJuristicAdminExpenses",
                    "type": "string",
                    "title": "The td:JuristicAdminExpenses schema",
                    "description": "An explanation about the purpose of this instance.",
                    "default": "",
                    "examples": [
                        "2278018.72"
                    ]
                },
                "td:JuristicCostOfGoodsSold": {
                    "$id": "#/properties/td%3AJuristicFinancial/properties/td%3AJuristicCostOfGoodsSold",
                    "type": "string",
                    "title": "The td:JuristicCostOfGoodsSold schema",
                    "description": "An explanation about the purpose of this instance.",
                    "default": "",
                    "examples": [
                        "7053862.58"
                    ]
                },
                "td:JuristicEarningPerShare": {
                    "$id": "#/properties/td%3AJuristicFinancial/properties/td%3AJuristicEarningPerShare",
                    "type": "string",
                    "title": "The td:JuristicEarningPerShare schema",
                    "description": "An explanation about the purpose of this instance.",
                    "default": "",
                    "examples": [
                        "14.26"
                    ]
                },
                "td:JuristicIncomeTax": {
                    "$id": "#/properties/td%3AJuristicFinancial/properties/td%3AJuristicIncomeTax",
                    "type": "string",
                    "title": "The td:JuristicIncomeTax schema",
                    "description": "An explanation about the purpose of this instance.",
                    "default": "",
                    "examples": [
                        "ข้อความ"
                    ]
                },
                "td:JuristicInterestExpenses": {
                    "$id": "#/properties/td%3AJuristicFinancial/properties/td%3AJuristicInterestExpenses",
                    "type": "string",
                    "title": "The td:JuristicInterestExpenses schema",
                    "description": "An explanation about the purpose of this instance.",
                    "default": "",
                    "examples": [
                        "100984.87"
                    ]
                },
                "td:JuristicNetProfit": {
                    "$id": "#/properties/td%3AJuristicFinancial/properties/td%3AJuristicNetProfit",
                    "type": "string",
                    "title": "The td:JuristicNetProfit schema",
                    "description": "An explanation about the purpose of this instance.",
                    "default": "",
                    "examples": [
                        "142562.96"
                    ]
                },
                "td:JuristicSaleRevenue": {
                    "$id": "#/properties/td%3AJuristicFinancial/properties/td%3AJuristicSaleRevenue",
                    "type": "string",
                    "title": "The td:JuristicSaleRevenue schema",
                    "description": "An explanation about the purpose of this instance.",
                    "default": "",
                    "examples": [
                        "9550028.05"
                    ]
                },
                "td:JuristicTotalRevenue": {
                    "$id": "#/properties/td%3AJuristicFinancial/properties/td%3AJuristicTotalRevenue",
                    "type": "string",
                    "title": "The td:JuristicTotalRevenue schema",
                    "description": "An explanation about the purpose of this instance.",
                    "default": "",
                    "examples": [
                        "9575429.13"
                    ]
                },
                "td:JuristicStatementYear": {
                    "$id": "#/properties/td%3AJuristicFinancial/properties/td%3AJuristicStatementYear",
                    "type": "string",
                    "title": "The td:JuristicStatementYear schema",
                    "description": "An explanation about the purpose of this instance.",
                    "default": "",
                    "examples": [
                        "2556"
                    ]
                },
                "td:JuristicRegisterCapital": {
                    "$id": "#/properties/td%3AJuristicFinancial/properties/td%3AJuristicRegisterCapital",
                    "type": "string",
                    "title": "The td:JuristicRegisterCapital schema",
                    "description": "An explanation about the purpose of this instance.",
                    "default": "",
                    "examples": [
                        "1000000"
                    ]
                },
                "td:JuristicAccountReceivable": {
                    "$id": "#/properties/td%3AJuristicFinancial/properties/td%3AJuristicAccountReceivable",
                    "type": "string",
                    "title": "The td:JuristicAccountReceivable schema",
                    "description": "An explanation about the purpose of this instance.",
                    "default": "",
                    "examples": [
                        "534221.5"
                    ]
                },
                "td:JuristicCurrentLiabilities": {
                    "$id": "#/properties/td%3AJuristicFinancial/properties/td%3AJuristicCurrentLiabilities",
                    "type": "string",
                    "title": "The td:JuristicCurrentLiabilities schema",
                    "description": "An explanation about the purpose of this instance.",
                    "default": "",
                    "examples": [
                        "1808906.67"
                    ]
                },
                "td:JuristicInventory": {
                    "$id": "#/properties/td%3AJuristicFinancial/properties/td%3AJuristicInventory",
                    "type": "string",
                    "title": "The td:JuristicInventory schema",
                    "description": "An explanation about the purpose of this instance.",
                    "default": "",
                    "examples": [
                        "ข้อความ"
                    ]
                },
                "td:JuristicPaidUpCapital": {
                    "$id": "#/properties/td%3AJuristicFinancial/properties/td%3AJuristicPaidUpCapital",
                    "type": "string",
                    "title": "The td:JuristicPaidUpCapital schema",
                    "description": "An explanation about the purpose of this instance.",
                    "default": "",
                    "examples": [
                        "1000000"
                    ]
                },
                "td:JuristicProperTREquipment": {
                    "$id": "#/properties/td%3AJuristicFinancial/properties/td%3AJuristicProperTREquipment",
                    "type": "string",
                    "title": "The td:JuristicProperTREquipment schema",
                    "description": "An explanation about the purpose of this instance.",
                    "default": "",
                    "examples": [
                        "697927.53"
                    ]
                }
            },
            "additionalProperties": true
        }
    },
    "additionalProperties": true
}