{
    "$schema": "http://json-schema.org/draft-07/schema",
    "$id": "http://example.com/example.json",
    "type": "object",
    "title": "The root schema",
    "description": "The root schema comprises the entire JSON document.",
    "default": {},
    "examples": [
        {
            "td:JuristicStatus": {
                "td:JuristicStatusCode": "1",
                "td:JuristicStatusTextTH": "ยังดำเนินกิจการ",
                "td:JuristicStatusTextEN": "ข้อความ"
            }
        }
    ],
    "required": [
        "td:JuristicStatus"
    ],
    "properties": {
        "td:JuristicStatus": {
            "$id": "#/properties/mc%3AJuristicStatus",
            "type": "object",
            "title": "The td:JuristicStatus schema",
            "description": "An explanation about the purpose of this instance.",
            "default": {},
            "examples": [
                {
                    "td:JuristicStatusCode": "1",
                    "td:JuristicStatusTextTH": "ยังดำเนินกิจการ",
                    "td:JuristicStatusTextEN": "ข้อความ"
                }
            ],
            "required": [
                "td:JuristicStatusCode",
                "td:JuristicStatusTextTH",
                "td:JuristicStatusTextEN"
            ],
            "properties": {
                "td:JuristicStatusCode": {
                    "$id": "#/properties/mc%3AJuristicStatus/properties/mc%3AJuristicStatusCode",
                    "type": "string",
                    "title": "The td:JuristicStatusCode schema",
                    "description": "An explanation about the purpose of this instance.",
                    "default": "",
                    "examples": [
                        "1"
                    ]
                },
                "td:JuristicStatusTextTH": {
                    "$id": "#/properties/mc%3AJuristicStatus/properties/mc%3AJuristicStatusTextTH",
                    "type": "string",
                    "title": "The td:JuristicStatusTextTH schema",
                    "description": "An explanation about the purpose of this instance.",
                    "default": "",
                    "examples": [
                        "ยังดำเนินกิจการ"
                    ]
                },
                "td:JuristicStatusTextEN": {
                    "$id": "#/properties/mc%3AJuristicStatus/properties/mc%3AJuristicStatusTextEN",
                    "type": "string",
                    "title": "The td:JuristicStatusTextEN schema",
                    "description": "An explanation about the purpose of this instance.",
                    "default": "",
                    "examples": [
                        "ข้อความ"
                    ]
                }
            },
            "additionalProperties": true
        }
    },
    "additionalProperties": true
}