{
    "$schema": "http://json-schema.org/draft-07/schema",
    "$id": "http://example.com/example.json",
    "type": "object",
    "title": "The root schema",
    "description": "The root schema comprises the entire JSON document.",
    "default": {},
    "examples": [
        {
            "cd:Person": {
                "cd:PersonID": "3100700500777",
                "cd:PersonNameTH": {
                    "cd:PersonNameTitleTextTH": "นาย",
                    "cd:PersonFirstNameTH": "สมชาย",
                    "cd:PersonLastNameTH": "ทดสอบ"
                },
                "cd:PersonNameEN": {
                    "cd:PersonNameTitleTextEN": "Mister",
                    "cd:PersonFirstNameEN": "Somchai",
                    "cd:PersonLastNameEN": "Todsorb"
                },
                "cd:PersonGender": {
                    "cr:GenderCode": "1",
                    "cr:GenderTextTH": "ชาย",
                    "cr:GenderTextEN": "Male"
                },
                "cd:PersonNationality": {
                    "cr:NationalityCode": "TH",
                    "cr:NationalityTextTH": "ไทย",
                    "cr:NationalityTextEN": "Thai"
                },
                "cd:PersonBirthDate": "19800131",
                "cd:PersonAge": "41",
                "cd:PersonReligious": {
                    "cr:ReligiousCode": "1051",
                    "cr:ReligiousTextTH": "ศาสนาพุทธ (นิกายเถรวาท)",
                    "cr:ReligiousTextEN": "Theravada"
                },
                "cd:PersonStatus": {
                    "cr:StatusOfPersonCode": "1",
                    "cr:StatusOfPersonTextTH": "มีชีวิตอยู่",
                    "cr:StatusOfPersonTextEN": "Alive"
                },
                "cd:PersonFather": "3100700500700",
                "cd:PersonMother": "3100700500788",
                "cd:PersonPhone": "0 2500 8900"
            }
        }
    ],
    "required": [
        "cd:Person"
    ],
    "properties": {
        "cd:Person": {
            "$id": "#/properties/cd%3APerson",
            "type": "object",
            "title": "The cd:Person schema",
            "description": "An explanation about the purpose of this instance.",
            "default": {},
            "examples": [
                {
                    "cd:PersonID": "3100700500777",
                    "cd:PersonNameTH": {
                        "cd:PersonNameTitleTextTH": "นาย",
                        "cd:PersonFirstNameTH": "สมชาย",
                        "cd:PersonLastNameTH": "ทดสอบ"
                    },
                    "cd:PersonNameEN": {
                        "cd:PersonNameTitleTextEN": "Mister",
                        "cd:PersonFirstNameEN": "Somchai",
                        "cd:PersonLastNameEN": "Todsorb"
                    },
                    "cd:PersonGender": {
                        "cr:GenderCode": "1",
                        "cr:GenderTextTH": "ชาย",
                        "cr:GenderTextEN": "Male"
                    },
                    "cd:PersonNationality": {
                        "cr:NationalityCode": "TH",
                        "cr:NationalityTextTH": "ไทย",
                        "cr:NationalityTextEN": "Thai"
                    },
                    "cd:PersonBirthDate": "19800131",
                    "cd:PersonAge": "41",
                    "cd:PersonReligious": {
                        "cr:ReligiousCode": "1051",
                        "cr:ReligiousTextTH": "ศาสนาพุทธ (นิกายเถรวาท)",
                        "cr:ReligiousTextEN": "Theravada"
                    },
                    "cd:PersonStatus": {
                        "cr:StatusOfPersonCode": "1",
                        "cr:StatusOfPersonTextTH": "มีชีวิตอยู่",
                        "cr:StatusOfPersonTextEN": "Alive"
                    },
                    "cd:PersonFather": "3100700500700",
                    "cd:PersonMother": "3100700500788",
                    "cd:PersonPhone": "0 2500 8900"
                }
            ],
            "required": [
                "cd:PersonID",
                "cd:PersonNameTH",
                "cd:PersonNameEN",
                "cd:PersonGender",
                "cd:PersonNationality",
                "cd:PersonBirthDate",
                "cd:PersonAge",
                "cd:PersonReligious",
                "cd:PersonStatus",
                "cd:PersonFather",
                "cd:PersonMother",
                "cd:PersonPhone"
            ],
            "properties": {
                "cd:PersonID": {
                    "$id": "#/properties/cd%3APerson/properties/cd%3APersonID",
                    "type": "string",
                    "title": "The cd:PersonID schema",
                    "description": "An explanation about the purpose of this instance.",
                    "default": "",
                    "examples": [
                        "3100700500777"
                    ]
                },
                "cd:PersonNameTH": {
                    "$id": "#/properties/cd%3APerson/properties/cd%3APersonNameTH",
                    "type": "object",
                    "title": "The cd:PersonNameTH schema",
                    "description": "An explanation about the purpose of this instance.",
                    "default": {},
                    "examples": [
                        {
                            "cd:PersonNameTitleTextTH": "นาย",
                            "cd:PersonFirstNameTH": "สมชาย",
                            "cd:PersonLastNameTH": "ทดสอบ"
                        }
                    ],
                    "required": [
                        "cd:PersonNameTitleTextTH",
                        "cd:PersonFirstNameTH",
                        "cd:PersonLastNameTH"
                    ],
                    "properties": {
                        "cd:PersonNameTitleTextTH": {
                            "$id": "#/properties/cd%3APerson/properties/cd%3APersonNameTH/properties/cd%3APersonNameTitleTextTH",
                            "type": "string",
                            "title": "The cd:PersonNameTitleTextTH schema",
                            "description": "An explanation about the purpose of this instance.",
                            "default": "",
                            "examples": [
                                "นาย"
                            ]
                        },
                        "cd:PersonFirstNameTH": {
                            "$id": "#/properties/cd%3APerson/properties/cd%3APersonNameTH/properties/cd%3APersonFirstNameTH",
                            "type": "string",
                            "title": "The cd:PersonFirstNameTH schema",
                            "description": "An explanation about the purpose of this instance.",
                            "default": "",
                            "examples": [
                                "สมชาย"
                            ]
                        },
                        "cd:PersonLastNameTH": {
                            "$id": "#/properties/cd%3APerson/properties/cd%3APersonNameTH/properties/cd%3APersonLastNameTH",
                            "type": "string",
                            "title": "The cd:PersonLastNameTH schema",
                            "description": "An explanation about the purpose of this instance.",
                            "default": "",
                            "examples": [
                                "ทดสอบ"
                            ]
                        }
                    },
                    "additionalProperties": true
                },
                "cd:PersonNameEN": {
                    "$id": "#/properties/cd%3APerson/properties/cd%3APersonNameEN",
                    "type": "object",
                    "title": "The cd:PersonNameEN schema",
                    "description": "An explanation about the purpose of this instance.",
                    "default": {},
                    "examples": [
                        {
                            "cd:PersonNameTitleTextEN": "Mister",
                            "cd:PersonFirstNameEN": "Somchai",
                            "cd:PersonLastNameEN": "Todsorb"
                        }
                    ],
                    "required": [
                        "cd:PersonNameTitleTextEN",
                        "cd:PersonFirstNameEN",
                        "cd:PersonLastNameEN"
                    ],
                    "properties": {
                        "cd:PersonNameTitleTextEN": {
                            "$id": "#/properties/cd%3APerson/properties/cd%3APersonNameEN/properties/cd%3APersonNameTitleTextEN",
                            "type": "string",
                            "title": "The cd:PersonNameTitleTextEN schema",
                            "description": "An explanation about the purpose of this instance.",
                            "default": "",
                            "examples": [
                                "Mister"
                            ]
                        },
                        "cd:PersonFirstNameEN": {
                            "$id": "#/properties/cd%3APerson/properties/cd%3APersonNameEN/properties/cd%3APersonFirstNameEN",
                            "type": "string",
                            "title": "The cd:PersonFirstNameEN schema",
                            "description": "An explanation about the purpose of this instance.",
                            "default": "",
                            "examples": [
                                "Somchai"
                            ]
                        },
                        "cd:PersonLastNameEN": {
                            "$id": "#/properties/cd%3APerson/properties/cd%3APersonNameEN/properties/cd%3APersonLastNameEN",
                            "type": "string",
                            "title": "The cd:PersonLastNameEN schema",
                            "description": "An explanation about the purpose of this instance.",
                            "default": "",
                            "examples": [
                                "Todsorb"
                            ]
                        }
                    },
                    "additionalProperties": true
                },
                "cd:PersonGender": {
                    "$id": "#/properties/cd%3APerson/properties/cd%3APersonGender",
                    "type": "object",
                    "title": "The cd:PersonGender schema",
                    "description": "An explanation about the purpose of this instance.",
                    "default": {},
                    "examples": [
                        {
                            "cr:GenderCode": "1",
                            "cr:GenderTextTH": "ชาย",
                            "cr:GenderTextEN": "Male"
                        }
                    ],
                    "required": [
                        "cr:GenderCode",
                        "cr:GenderTextTH",
                        "cr:GenderTextEN"
                    ],
                    "properties": {
                        "cr:GenderCode": {
                            "$id": "#/properties/cd%3APerson/properties/cd%3APersonGender/properties/cr%3AGenderCode",
                            "type": "string",
                            "title": "The cr:GenderCode schema",
                            "description": "An explanation about the purpose of this instance.",
                            "default": "",
                            "examples": [
                                "1"
                            ]
                        },
                        "cr:GenderTextTH": {
                            "$id": "#/properties/cd%3APerson/properties/cd%3APersonGender/properties/cr%3AGenderTextTH",
                            "type": "string",
                            "title": "The cr:GenderTextTH schema",
                            "description": "An explanation about the purpose of this instance.",
                            "default": "",
                            "examples": [
                                "ชาย"
                            ]
                        },
                        "cr:GenderTextEN": {
                            "$id": "#/properties/cd%3APerson/properties/cd%3APersonGender/properties/cr%3AGenderTextEN",
                            "type": "string",
                            "title": "The cr:GenderTextEN schema",
                            "description": "An explanation about the purpose of this instance.",
                            "default": "",
                            "examples": [
                                "Male"
                            ]
                        }
                    },
                    "additionalProperties": true
                },
                "cd:PersonNationality": {
                    "$id": "#/properties/cd%3APerson/properties/cd%3APersonNationality",
                    "type": "object",
                    "title": "The cd:PersonNationality schema",
                    "description": "An explanation about the purpose of this instance.",
                    "default": {},
                    "examples": [
                        {
                            "cr:NationalityCode": "TH",
                            "cr:NationalityTextTH": "ไทย",
                            "cr:NationalityTextEN": "Thai"
                        }
                    ],
                    "required": [
                        "cr:NationalityCode",
                        "cr:NationalityTextTH",
                        "cr:NationalityTextEN"
                    ],
                    "properties": {
                        "cr:NationalityCode": {
                            "$id": "#/properties/cd%3APerson/properties/cd%3APersonNationality/properties/cr%3ANationalityCode",
                            "type": "string",
                            "title": "The cr:NationalityCode schema",
                            "description": "An explanation about the purpose of this instance.",
                            "default": "",
                            "examples": [
                                "TH"
                            ]
                        },
                        "cr:NationalityTextTH": {
                            "$id": "#/properties/cd%3APerson/properties/cd%3APersonNationality/properties/cr%3ANationalityTextTH",
                            "type": "string",
                            "title": "The cr:NationalityTextTH schema",
                            "description": "An explanation about the purpose of this instance.",
                            "default": "",
                            "examples": [
                                "ไทย"
                            ]
                        },
                        "cr:NationalityTextEN": {
                            "$id": "#/properties/cd%3APerson/properties/cd%3APersonNationality/properties/cr%3ANationalityTextEN",
                            "type": "string",
                            "title": "The cr:NationalityTextEN schema",
                            "description": "An explanation about the purpose of this instance.",
                            "default": "",
                            "examples": [
                                "Thai"
                            ]
                        }
                    },
                    "additionalProperties": true
                },
                "cd:PersonBirthDate": {
                    "$id": "#/properties/cd%3APerson/properties/cd%3APersonBirthDate",
                    "type": "string",
                    "title": "The cd:PersonBirthDate schema",
                    "description": "An explanation about the purpose of this instance.",
                    "default": "",
                    "examples": [
                        "19800131"
                    ]
                },
                "cd:PersonAge": {
                    "$id": "#/properties/cd%3APerson/properties/cd%3APersonAge",
                    "type": "string",
                    "title": "The cd:PersonAge schema",
                    "description": "An explanation about the purpose of this instance.",
                    "default": "",
                    "examples": [
                        "41"
                    ]
                },
                "cd:PersonReligious": {
                    "$id": "#/properties/cd%3APerson/properties/cd%3APersonReligious",
                    "type": "object",
                    "title": "The cd:PersonReligious schema",
                    "description": "An explanation about the purpose of this instance.",
                    "default": {},
                    "examples": [
                        {
                            "cr:ReligiousCode": "1051",
                            "cr:ReligiousTextTH": "ศาสนาพุทธ (นิกายเถรวาท)",
                            "cr:ReligiousTextEN": "Theravada"
                        }
                    ],
                    "required": [
                        "cr:ReligiousCode",
                        "cr:ReligiousTextTH",
                        "cr:ReligiousTextEN"
                    ],
                    "properties": {
                        "cr:ReligiousCode": {
                            "$id": "#/properties/cd%3APerson/properties/cd%3APersonReligious/properties/cr%3AReligiousCode",
                            "type": "string",
                            "title": "The cr:ReligiousCode schema",
                            "description": "An explanation about the purpose of this instance.",
                            "default": "",
                            "examples": [
                                "1051"
                            ]
                        },
                        "cr:ReligiousTextTH": {
                            "$id": "#/properties/cd%3APerson/properties/cd%3APersonReligious/properties/cr%3AReligiousTextTH",
                            "type": "string",
                            "title": "The cr:ReligiousTextTH schema",
                            "description": "An explanation about the purpose of this instance.",
                            "default": "",
                            "examples": [
                                "ศาสนาพุทธ (นิกายเถรวาท)"
                            ]
                        },
                        "cr:ReligiousTextEN": {
                            "$id": "#/properties/cd%3APerson/properties/cd%3APersonReligious/properties/cr%3AReligiousTextEN",
                            "type": "string",
                            "title": "The cr:ReligiousTextEN schema",
                            "description": "An explanation about the purpose of this instance.",
                            "default": "",
                            "examples": [
                                "Theravada"
                            ]
                        }
                    },
                    "additionalProperties": true
                },
                "cd:PersonStatus": {
                    "$id": "#/properties/cd%3APerson/properties/cd%3APersonStatus",
                    "type": "object",
                    "title": "The cd:PersonStatus schema",
                    "description": "An explanation about the purpose of this instance.",
                    "default": {},
                    "examples": [
                        {
                            "cr:StatusOfPersonCode": "1",
                            "cr:StatusOfPersonTextTH": "มีชีวิตอยู่",
                            "cr:StatusOfPersonTextEN": "Alive"
                        }
                    ],
                    "required": [
                        "cr:StatusOfPersonCode",
                        "cr:StatusOfPersonTextTH",
                        "cr:StatusOfPersonTextEN"
                    ],
                    "properties": {
                        "cr:StatusOfPersonCode": {
                            "$id": "#/properties/cd%3APerson/properties/cd%3APersonStatus/properties/cr%3AStatusOfPersonCode",
                            "type": "string",
                            "title": "The cr:StatusOfPersonCode schema",
                            "description": "An explanation about the purpose of this instance.",
                            "default": "",
                            "examples": [
                                "1"
                            ]
                        },
                        "cr:StatusOfPersonTextTH": {
                            "$id": "#/properties/cd%3APerson/properties/cd%3APersonStatus/properties/cr%3AStatusOfPersonTextTH",
                            "type": "string",
                            "title": "The cr:StatusOfPersonTextTH schema",
                            "description": "An explanation about the purpose of this instance.",
                            "default": "",
                            "examples": [
                                "มีชีวิตอยู่"
                            ]
                        },
                        "cr:StatusOfPersonTextEN": {
                            "$id": "#/properties/cd%3APerson/properties/cd%3APersonStatus/properties/cr%3AStatusOfPersonTextEN",
                            "type": "string",
                            "title": "The cr:StatusOfPersonTextEN schema",
                            "description": "An explanation about the purpose of this instance.",
                            "default": "",
                            "examples": [
                                "Alive"
                            ]
                        }
                    },
                    "additionalProperties": true
                },
                "cd:PersonFather": {
                    "$id": "#/properties/cd%3APerson/properties/cd%3APersonFather",
                    "type": "string",
                    "title": "The cd:PersonFather schema",
                    "description": "An explanation about the purpose of this instance.",
                    "default": "",
                    "examples": [
                        "3100700500700"
                    ]
                },
                "cd:PersonMother": {
                    "$id": "#/properties/cd%3APerson/properties/cd%3APersonMother",
                    "type": "string",
                    "title": "The cd:PersonMother schema",
                    "description": "An explanation about the purpose of this instance.",
                    "default": "",
                    "examples": [
                        "3100700500788"
                    ]
                },
                "cd:PersonPhone": {
                    "$id": "#/properties/cd%3APerson/properties/cd%3APersonPhone",
                    "type": "string",
                    "title": "The cd:PersonPhone schema",
                    "description": "An explanation about the purpose of this instance.",
                    "default": "",
                    "examples": [
                        "0 2500 8900"
                    ]
                }
            },
            "additionalProperties": true
        }
    },
    "additionalProperties": true
}