{
    "$schema": "http://json-schema.org/draft-07/schema",
    "$id": "http://example.com/example.json",
    "type": "object",
    "title": "The root schema",
    "description": "The root schema comprises the entire JSON document.",
    "default": {},
    "examples": [
        {
            "cr:Gender": {
                "cr:GenderCode": "1",
                "cr:GenderTextTH": "ชาย",
                "cr:GenderTextEN": "Male"
            }
        }
    ],
    "required": [
        "cr:Gender"
    ],
    "properties": {
        "cr:Gender": {
            "$id": "#/properties/cr%3AGender",
            "type": "object",
            "title": "The cr:Gender schema",
            "description": "An explanation about the purpose of this instance.",
            "default": {},
            "examples": [
                {
                    "cr:GenderCode": "1",
                    "cr:GenderTextTH": "ชาย",
                    "cr:GenderTextEN": "Male"
                }
            ],
            "required": [
                "cr:GenderCode",
                "cr:GenderTextTH",
                "cr:GenderTextEN"
            ],
            "properties": {
                "cr:GenderCode": {
                    "$id": "#/properties/cr%3AGender/properties/cr%3AGenderCode",
                    "type": "string",
                    "title": "The cr:GenderCode schema",
                    "description": "An explanation about the purpose of this instance.",
                    "default": "",
                    "examples": [
                        "1"
                    ]
                },
                "cr:GenderTextTH": {
                    "$id": "#/properties/cr%3AGender/properties/cr%3AGenderTextTH",
                    "type": "string",
                    "title": "The cr:GenderTextTH schema",
                    "description": "An explanation about the purpose of this instance.",
                    "default": "",
                    "examples": [
                        "ชาย"
                    ]
                },
                "cr:GenderTextEN": {
                    "$id": "#/properties/cr%3AGender/properties/cr%3AGenderTextEN",
                    "type": "string",
                    "title": "The cr:GenderTextEN schema",
                    "description": "An explanation about the purpose of this instance.",
                    "default": "",
                    "examples": [
                        "Male"
                    ]
                }
            },
            "additionalProperties": true
        }
    },
    "additionalProperties": true
}