{
    "$schema": "http://json-schema.org/draft-07/schema",
    "$id": "http://example.com/example.json",
    "type": "object",
    "title": "The root schema",
    "description": "The root schema comprises the entire JSON document.",
    "default": {},
    "examples": [
        {
            "cr:StatusOfPerson": {
                "cr:StatusOfPersonCode": "1",
                "cr:StatusOfPersonTextTH": "มีชีวิตอยู่",
                "cr:StatusOfPersonTextEN": "Alive"
            }
        }
    ],
    "required": [
        "cr:StatusOfPerson"
    ],
    "properties": {
        "cr:StatusOfPerson": {
            "$id": "#/properties/cr%3AStatusOfPerson",
            "type": "object",
            "title": "The cr:StatusOfPerson schema",
            "description": "An explanation about the purpose of this instance.",
            "default": {},
            "examples": [
                {
                    "cr:StatusOfPersonCode": "1",
                    "cr:StatusOfPersonTextTH": "มีชีวิตอยู่",
                    "cr:StatusOfPersonTextEN": "Alive"
                }
            ],
            "required": [
                "cr:StatusOfPersonCode",
                "cr:StatusOfPersonTextTH",
                "cr:StatusOfPersonTextEN"
            ],
            "properties": {
                "cr:StatusOfPersonCode": {
                    "$id": "#/properties/cr%3AStatusOfPerson/properties/cr%3AStatusOfPersonCode",
                    "type": "string",
                    "title": "The cr:StatusOfPersonCode schema",
                    "description": "An explanation about the purpose of this instance.",
                    "default": "",
                    "examples": [
                        "1"
                    ]
                },
                "cr:StatusOfPersonTextTH": {
                    "$id": "#/properties/cr%3AStatusOfPerson/properties/cr%3AStatusOfPersonTextTH",
                    "type": "string",
                    "title": "The cr:StatusOfPersonTextTH schema",
                    "description": "An explanation about the purpose of this instance.",
                    "default": "",
                    "examples": [
                        "มีชีวิตอยู่"
                    ]
                },
                "cr:StatusOfPersonTextEN": {
                    "$id": "#/properties/cr%3AStatusOfPerson/properties/cr%3AStatusOfPersonTextEN",
                    "type": "string",
                    "title": "The cr:StatusOfPersonTextEN schema",
                    "description": "An explanation about the purpose of this instance.",
                    "default": "",
                    "examples": [
                        "Alive"
                    ]
                }
            },
            "additionalProperties": true
        }
    },
    "additionalProperties": true
}