{
    "$schema": "http://json-schema.org/draft-07/schema",
    "$id": "http://example.com/example.json",
    "type": "object",
    "title": "The root schema",
    "description": "The root schema comprises the entire JSON document.",
    "default": {},
    "examples": [
        {
            "cr:PersonTitle": {
                "cr:Title": "369",
                "cr:TitleShortTH": "ร.ต.",
                "cr:TitleTextTH": "ร้อยตรี",
                "cr:TitleShortEN": "Sub Lt.",
                "cr:TitleTextEN": "Sub Lieutenant",
                "cr:TitleSex": {
                    "cr:GenderCode": "0"
                }
            }
        }
    ],
    "required": [
        "cr:PersonTitle"
    ],
    "properties": {
        "cr:PersonTitle": {
            "$id": "#/properties/cr%3APersonTitle",
            "type": "object",
            "title": "The cr:PersonTitle schema",
            "description": "An explanation about the purpose of this instance.",
            "default": {},
            "examples": [
                {
                    "cr:Title": "369",
                    "cr:TitleShortTH": "ร.ต.",
                    "cr:TitleTextTH": "ร้อยตรี",
                    "cr:TitleShortEN": "Sub Lt.",
                    "cr:TitleTextEN": "Sub Lieutenant",
                    "cr:TitleSex": {
                        "cr:GenderCode": "0"
                    }
                }
            ],
            "required": [
                "cr:Title",
                "cr:TitleShortTH",
                "cr:TitleTextTH",
                "cr:TitleShortEN",
                "cr:TitleTextEN",
                "cr:TitleSex"
            ],
            "properties": {
                "cr:Title": {
                    "$id": "#/properties/cr%3APersonTitle/properties/cr%3ATitle",
                    "type": "string",
                    "title": "The cr:Title schema",
                    "description": "An explanation about the purpose of this instance.",
                    "default": "",
                    "examples": [
                        "369"
                    ]
                },
                "cr:TitleShortTH": {
                    "$id": "#/properties/cr%3APersonTitle/properties/cr%3ATitleShortTH",
                    "type": "string",
                    "title": "The cr:TitleShortTH schema",
                    "description": "An explanation about the purpose of this instance.",
                    "default": "",
                    "examples": [
                        "ร.ต."
                    ]
                },
                "cr:TitleTextTH": {
                    "$id": "#/properties/cr%3APersonTitle/properties/cr%3ATitleTextTH",
                    "type": "string",
                    "title": "The cr:TitleTextTH schema",
                    "description": "An explanation about the purpose of this instance.",
                    "default": "",
                    "examples": [
                        "ร้อยตรี"
                    ]
                },
                "cr:TitleShortEN": {
                    "$id": "#/properties/cr%3APersonTitle/properties/cr%3ATitleShortEN",
                    "type": "string",
                    "title": "The cr:TitleShortEN schema",
                    "description": "An explanation about the purpose of this instance.",
                    "default": "",
                    "examples": [
                        "Sub Lt."
                    ]
                },
                "cr:TitleTextEN": {
                    "$id": "#/properties/cr%3APersonTitle/properties/cr%3ATitleTextEN",
                    "type": "string",
                    "title": "The cr:TitleTextEN schema",
                    "description": "An explanation about the purpose of this instance.",
                    "default": "",
                    "examples": [
                        "Sub Lieutenant"
                    ]
                },
                "cr:TitleSex": {
                    "$id": "#/properties/cr%3APersonTitle/properties/cr%3ATitleSex",
                    "type": "object",
                    "title": "The cr:TitleSex schema",
                    "description": "An explanation about the purpose of this instance.",
                    "default": {},
                    "examples": [
                        {
                            "cr:GenderCode": "0"
                        }
                    ],
                    "required": [
                        "cr:GenderCode"
                    ],
                    "properties": {
                        "cr:GenderCode": {
                            "$id": "#/properties/cr%3APersonTitle/properties/cr%3ATitleSex/properties/cr%3AGenderCode",
                            "type": "string",
                            "title": "The cr:GenderCode schema",
                            "description": "An explanation about the purpose of this instance.",
                            "default": "",
                            "examples": [
                                "0"
                            ]
                        }
                    },
                    "additionalProperties": true
                }
            },
            "additionalProperties": true
        }
    },
    "additionalProperties": true
}