<?xml version="1.0" ?>

<root>
  <cd:PersonNameTH>
    <cd:PersonNameTitleTextTH>ร้อยตรี</cd:PersonNameTitleTextTH>
    <cd:PersonFirstNameTH>สมชาย</cd:PersonFirstNameTH>
    <cd:PersonMiddleNameTH>หาญกล้า</cd:PersonMiddleNameTH>
    <cd:PersonLastNameTH>วงศ์ทดสอบ</cd:PersonLastNameTH>
    <cd:PersonNameSuffixTH>ร.น.</cd:PersonNameSuffixTH>
  </cd:PersonNameTH>
  <cd:PersonNameEN>
    <cd:PersonNameTitleTextEN>Sub Lieutenant</cd:PersonNameTitleTextEN>
    <cd:PersonFirstNameEN>Harnkla</cd:PersonFirstNameEN>
    <cd:PersonLastNameEN>Wongtodsorb</cd:PersonLastNameEN>
    <cd:PersonNameSuffixEN>SUB LT</cd:PersonNameSuffixEN>
  </cd:PersonNameEN>
</root>

