<?xml version="1.0"?>

<cd:Person>
  <cd:PersonID>3100700500777</cd:PersonID>
    <cd:PersonNameTH>
       <cd:PersonNameTitleTextTH>นาย</cd:PersonNameTitleTextTH>
       <cd:PersonFirstNameTH>สมชาย</cd:PersonFirstNameTH>
       <cd:PersonMiddleNameTH/>
       <cd:PersonLastNameTH>ทดสอบ</cd:PersonLastNameTH>
       <cd:PersonNameSuffixTH/>
    </cd:PersonNameTH>
    <cd:PersonNameEN>
       <cd:PersonNameTitleTextEN>Mister</cd:PersonNameTitleTextEN>
       <cd:PersonFirstNameEN>Somchai</cd:PersonFirstNameEN>
       <cd:PersonMiddleNameEN/>
       <cd:PersonLastNameEN>Todsorb</cd:PersonLastNameEN>
       <cd:PersonNameSuffixEN/>
    </cd:PersonNameEN>
    <cd:PersonGender>
        <cr:GenderCode>1</cr:GenderCode>
        <cr:GenderTextTH>ชาย</cr:GenderTextTH>
        <cr:GenderTextEN>Male</cr:GenderTextEN>
    </cd:PersonGender>
    <cd:PersonNationality>
        <cr:NationalityCode>TH</cr:NationalityCode>
        <cr:NationalityTextTH>ไทย</cr:NationalityTextTH>
        <cr:NationalityTextEN>Thai</cr:NationalityTextEN>
    </cd:PersonNationality>
    <cd:PersonBirthDate>19800131</cd:PersonBirthDate>
    <cd:PersonAge>41</cd:PersonAge>
    <cd:PersonReligious>
        <cr:ReligiousCode>1051</cr:ReligiousCode>
        <cr:ReligiousTextTH>ศาสนาพุทธ (นิกายเถรวาท)</cr:ReligiousTextTH>
        <cr:ReligiousTextEN>Theravada</cr:ReligiousTextEN>
    </cd:PersonReligious>
    <cd:PersonStatus>
       <cr:StatusOfPersonCode>1</cr:StatusOfPersonCode>
       <cr:StatusOfPersonTextTH>มีชีวิตอยู่</cr:StatusOfPersonTextTH>
       <cr:StatusOfPersonTextEN>Alive</cr:StatusOfPersonTextEN>
    </cd:PersonStatus>
    <cd:PersonFather>3100700500700</cd:PersonFather>
    <cd:PersonMother>3100700500788</cd:PersonMother>
    <cd:PersonPhone>0 2500 8900</cd:PersonPhone> 
</cd:Person>
