{
    "$schema": "http://json-schema.org/draft-07/schema",
    "$id": "http://example.com/example.json",
    "type": "object",
    "title": "The root schema",
    "description": "The root schema comprises the entire JSON document.",
    "default": {},
    "examples": [
        {
            "cd:PersonNameTH": {
                "cd:PersonNameTitleTextTH": "ร้อยตรี",
                "cd:PersonFirstNameTH": "สมชาย",
                "cd:PersonMiddleNameTH": "หาญกล้า",
                "cd:PersonLastNameTH": "วงศ์ทดสอบ",
                "cd:PersonNameSuffixTH": "ร.น."
            },
            "cd:PersonNameEN": {
                "cd:PersonNameTitleTextEN": "Sub Lieutenant",
                "cd:PersonFirstNameEN": "Harnkla",
                "cd:PersonLastNameEN": "Wongtodsorb",
                "cd:PersonNameSuffixEN": "SUB LT"
            }
        }
    ],
    "required": [
        "cd:PersonNameTH",
        "cd:PersonNameEN"
    ],
    "properties": {
        "cd:PersonNameTH": {
            "$id": "#/properties/cd%3APersonNameTH",
            "type": "object",
            "title": "The cd:PersonNameTH schema",
            "description": "An explanation about the purpose of this instance.",
            "default": {},
            "examples": [
                {
                    "cd:PersonNameTitleTextTH": "ร้อยตรี",
                    "cd:PersonFirstNameTH": "สมชาย",
                    "cd:PersonMiddleNameTH": "หาญกล้า",
                    "cd:PersonLastNameTH": "วงศ์ทดสอบ",
                    "cd:PersonNameSuffixTH": "ร.น."
                }
            ],
            "required": [
                "cd:PersonNameTitleTextTH",
                "cd:PersonFirstNameTH",
                "cd:PersonMiddleNameTH",
                "cd:PersonLastNameTH",
                "cd:PersonNameSuffixTH"
            ],
            "properties": {
                "cd:PersonNameTitleTextTH": {
                    "$id": "#/properties/cd%3APersonNameTH/properties/cd%3APersonNameTitleTextTH",
                    "type": "string",
                    "title": "The cd:PersonNameTitleTextTH schema",
                    "description": "An explanation about the purpose of this instance.",
                    "default": "",
                    "examples": [
                        "ร้อยตรี"
                    ]
                },
                "cd:PersonFirstNameTH": {
                    "$id": "#/properties/cd%3APersonNameTH/properties/cd%3APersonFirstNameTH",
                    "type": "string",
                    "title": "The cd:PersonFirstNameTH schema",
                    "description": "An explanation about the purpose of this instance.",
                    "default": "",
                    "examples": [
                        "สมชาย"
                    ]
                },
                "cd:PersonMiddleNameTH": {
                    "$id": "#/properties/cd%3APersonNameTH/properties/cd%3APersonMiddleNameTH",
                    "type": "string",
                    "title": "The cd:PersonMiddleNameTH schema",
                    "description": "An explanation about the purpose of this instance.",
                    "default": "",
                    "examples": [
                        "หาญกล้า"
                    ]
                },
                "cd:PersonLastNameTH": {
                    "$id": "#/properties/cd%3APersonNameTH/properties/cd%3APersonLastNameTH",
                    "type": "string",
                    "title": "The cd:PersonLastNameTH schema",
                    "description": "An explanation about the purpose of this instance.",
                    "default": "",
                    "examples": [
                        "วงศ์ทดสอบ"
                    ]
                },
                "cd:PersonNameSuffixTH": {
                    "$id": "#/properties/cd%3APersonNameTH/properties/cd%3APersonNameSuffixTH",
                    "type": "string",
                    "title": "The cd:PersonNameSuffixTH schema",
                    "description": "An explanation about the purpose of this instance.",
                    "default": "",
                    "examples": [
                        "ร.น."
                    ]
                }
            },
            "additionalProperties": true
        },
        "cd:PersonNameEN": {
            "$id": "#/properties/cd%3APersonNameEN",
            "type": "object",
            "title": "The cd:PersonNameEN schema",
            "description": "An explanation about the purpose of this instance.",
            "default": {},
            "examples": [
                {
                    "cd:PersonNameTitleTextEN": "Sub Lieutenant",
                    "cd:PersonFirstNameEN": "Harnkla",
                    "cd:PersonLastNameEN": "Wongtodsorb",
                    "cd:PersonNameSuffixEN": "SUB LT"
                }
            ],
            "required": [
                "cd:PersonNameTitleTextEN",
                "cd:PersonFirstNameEN",
                "cd:PersonLastNameEN",
                "cd:PersonNameSuffixEN"
            ],
            "properties": {
                "cd:PersonNameTitleTextEN": {
                    "$id": "#/properties/cd%3APersonNameEN/properties/cd%3APersonNameTitleTextEN",
                    "type": "string",
                    "title": "The cd:PersonNameTitleTextEN schema",
                    "description": "An explanation about the purpose of this instance.",
                    "default": "",
                    "examples": [
                        "Sub Lieutenant"
                    ]
                },
                "cd:PersonFirstNameEN": {
                    "$id": "#/properties/cd%3APersonNameEN/properties/cd%3APersonFirstNameEN",
                    "type": "string",
                    "title": "The cd:PersonFirstNameEN schema",
                    "description": "An explanation about the purpose of this instance.",
                    "default": "",
                    "examples": [
                        "Harnkla"
                    ]
                },
                "cd:PersonLastNameEN": {
                    "$id": "#/properties/cd%3APersonNameEN/properties/cd%3APersonLastNameEN",
                    "type": "string",
                    "title": "The cd:PersonLastNameEN schema",
                    "description": "An explanation about the purpose of this instance.",
                    "default": "",
                    "examples": [
                        "Wongtodsorb"
                    ]
                },
                "cd:PersonNameSuffixEN": {
                    "$id": "#/properties/cd%3APersonNameEN/properties/cd%3APersonNameSuffixEN",
                    "type": "string",
                    "title": "The cd:PersonNameSuffixEN schema",
                    "description": "An explanation about the purpose of this instance.",
                    "default": "",
                    "examples": [
                        "SUB LT"
                    ]
                }
            },
            "additionalProperties": true
        }
    },
    "additionalProperties": true
}