{
    "$schema": "http://json-schema.org/draft-07/schema",
    "$id": "http://example.com/example.json",
    "type": "object",
    "title": "The root schema",
    "description": "The root schema comprises the entire JSON document.",
    "default": {},
    "examples": [
        {
            "cr:PersonNameTitleShortTH": "ร.ต.",
            "cr:PersonNameTitleTextTH": "ร้อยตรี",
            "cr:PersonNameTitleShortEN": "Sub Lt.",
            "cr:PersonNameTitleTextEN": "Sub Lieutenant"
        }
    ],
    "required": [
        "cr:PersonNameTitleShortTH",
        "cr:PersonNameTitleTextTH",
        "cr:PersonNameTitleShortEN",
        "cr:PersonNameTitleTextEN"
    ],
    "properties": {
        "cr:PersonNameTitleShortTH": {
            "$id": "#/properties/cr%3APersonNameTitleShortTH",
            "type": "string",
            "title": "The cr:PersonNameTitleShortTH schema",
            "description": "An explanation about the purpose of this instance.",
            "default": "",
            "examples": [
                "ร.ต."
            ]
        },
        "cr:PersonNameTitleTextTH": {
            "$id": "#/properties/cr%3APersonNameTitleTextTH",
            "type": "string",
            "title": "The cr:PersonNameTitleTextTH schema",
            "description": "An explanation about the purpose of this instance.",
            "default": "",
            "examples": [
                "ร้อยตรี"
            ]
        },
        "cr:PersonNameTitleShortEN": {
            "$id": "#/properties/cr%3APersonNameTitleShortEN",
            "type": "string",
            "title": "The cr:PersonNameTitleShortEN schema",
            "description": "An explanation about the purpose of this instance.",
            "default": "",
            "examples": [
                "Sub Lt."
            ]
        },
        "cr:PersonNameTitleTextEN": {
            "$id": "#/properties/cr%3APersonNameTitleTextEN",
            "type": "string",
            "title": "The cr:PersonNameTitleTextEN schema",
            "description": "An explanation about the purpose of this instance.",
            "default": "",
            "examples": [
                "Sub Lieutenant"
            ]
        }
    },
    "additionalProperties": true
}