{
    "$schema": "http://json-schema.org/draft-07/schema",
    "$id": "http://example.com/example.json",
    "type": "object",
    "title": "The root schema",
    "description": "The root schema comprises the entire JSON document.",
    "default": {},
    "examples": [
        {
            "cr:Nationality": {
                "cr:NationalityCode": "TH",
                "cr:NationalityTextTH": "ไทย",
                "cr:NationalityTextEN": "Thai"
            }
        }
    ],
    "required": [
        "cr:Nationality"
    ],
    "properties": {
        "cr:Nationality": {
            "$id": "#/properties/cr%3ANationality",
            "type": "object",
            "title": "The cr:Nationality schema",
            "description": "An explanation about the purpose of this instance.",
            "default": {},
            "examples": [
                {
                    "cr:NationalityCode": "TH",
                    "cr:NationalityTextTH": "ไทย",
                    "cr:NationalityTextEN": "Thai"
                }
            ],
            "required": [
                "cr:NationalityCode",
                "cr:NationalityTextTH",
                "cr:NationalityTextEN"
            ],
            "properties": {
                "cr:NationalityCode": {
                    "$id": "#/properties/cr%3ANationality/properties/cr%3ANationalityCode",
                    "type": "string",
                    "title": "The cr:NationalityCode schema",
                    "description": "An explanation about the purpose of this instance.",
                    "default": "",
                    "examples": [
                        "TH"
                    ]
                },
                "cr:NationalityTextTH": {
                    "$id": "#/properties/cr%3ANationality/properties/cr%3ANationalityTextTH",
                    "type": "string",
                    "title": "The cr:NationalityTextTH schema",
                    "description": "An explanation about the purpose of this instance.",
                    "default": "",
                    "examples": [
                        "ไทย"
                    ]
                },
                "cr:NationalityTextEN": {
                    "$id": "#/properties/cr%3ANationality/properties/cr%3ANationalityTextEN",
                    "type": "string",
                    "title": "The cr:NationalityTextEN schema",
                    "description": "An explanation about the purpose of this instance.",
                    "default": "",
                    "examples": [
                        "Thai"
                    ]
                }
            },
            "additionalProperties": true
        }
    },
    "additionalProperties": true
}