{
    "$schema": "http://json-schema.org/draft-07/schema",
    "$id": "http://example.com/example.json",
    "type": "object",
    "title": "The root schema",
    "description": "The root schema comprises the entire JSON document.",
    "default": {},
    "examples": [
        {
            "cr:Religious": {
                "cr:ReligiousCode": "1051",
                "cr:ReligiousTextTH": "ศาสนาพุทธ (นิกายเถรวาท)",
                "cr:ReligiousTextEN": "Theravada"
            }
        }
    ],
    "required": [
        "cr:Religious"
    ],
    "properties": {
        "cr:Religious": {
            "$id": "#/properties/cr%3AReligious",
            "type": "object",
            "title": "The cr:Religious schema",
            "description": "An explanation about the purpose of this instance.",
            "default": {},
            "examples": [
                {
                    "cr:ReligiousCode": "1051",
                    "cr:ReligiousTextTH": "ศาสนาพุทธ (นิกายเถรวาท)",
                    "cr:ReligiousTextEN": "Theravada"
                }
            ],
            "required": [
                "cr:ReligiousCode",
                "cr:ReligiousTextTH",
                "cr:ReligiousTextEN"
            ],
            "properties": {
                "cr:ReligiousCode": {
                    "$id": "#/properties/cr%3AReligious/properties/cr%3AReligiousCode",
                    "type": "string",
                    "title": "The cr:ReligiousCode schema",
                    "description": "An explanation about the purpose of this instance.",
                    "default": "",
                    "examples": [
                        "1051"
                    ]
                },
                "cr:ReligiousTextTH": {
                    "$id": "#/properties/cr%3AReligious/properties/cr%3AReligiousTextTH",
                    "type": "string",
                    "title": "The cr:ReligiousTextTH schema",
                    "description": "An explanation about the purpose of this instance.",
                    "default": "",
                    "examples": [
                        "ศาสนาพุทธ (นิกายเถรวาท)"
                    ]
                },
                "cr:ReligiousTextEN": {
                    "$id": "#/properties/cr%3AReligious/properties/cr%3AReligiousTextEN",
                    "type": "string",
                    "title": "The cr:ReligiousTextEN schema",
                    "description": "An explanation about the purpose of this instance.",
                    "default": "",
                    "examples": [
                        "Theravada"
                    ]
                }
            },
            "additionalProperties": true
        }
    },
    "additionalProperties": true
}